"keyword","pronums","protype","subtype","proname","protime","leaders","workloc","orgtype","provloc","systloc","result","resulttype","resultlevel"
"东南亚","24CGJ063","青年项目","区域国别学和国际问题研究","东南亚国家政治现代化路径的比较研究","null","孔金磊","北京外国语大学","null","教育部","教育部在京直属高校","null","研究报告","null"
"东南亚","24XYY031","西部项目","语言学","东南亚云南籍华人语言认同研究","null","王仲黎","云南大学","null","云南","教育部非在京直属/地方高校","null","专著","null"
"东南亚","24CGJ025","青年项目","区域国别学和国际问题研究","美日韩对东南亚新生代精英的认知塑造及对策研究","null","刘畅","中国国际问题研究院","null","机关","各级党政机关","null","研究报告,其他","null"
"东南亚","24CGJ019","青年项目","区域国别学和国际问题研究","全球战略周期演变视域下美国东南亚战略新态势及中国应对研究","null","夏梦真","华南师范大学","null","广东","教育部非在京直属/地方高校","null","研究报告","null"
"东南亚","24BSS039","一般项目","世界历史","战后东南亚中立主义的缘起与演进研究（1945—1991）","null","舒全智","中山大学","null","广东","教育部非在京直属/地方高校","null","专著","null"
"东南亚","24BZJ019","一般项目","宗教学","图像学视域下中国西南-东南亚地区支提堂建筑的宗教表达及其谱系研究","null","谢小英","广西大学","null","广西","教育部非在京直属/地方高校","null","研究报告","null"
"东南亚","24BZW146","一般项目","中国文学","重写东南亚华文文学史的理论研究","null","温明明","暨南大学","null","广东","教育部非在京直属/地方高校","null","专著","null"
"东南亚","24AGJ011","重点项目","区域国别学和国际问题研究","全球安全倡议在东南亚的区域性实践研究","null","程晓勇","暨南大学","null","广东","教育部非在京直属/地方高校","null","论文集,研究报告","null"
"东南亚","24BGJ069","一般项目","区域国别学和国际问题研究","海上丝绸之路视域下东南亚国家“郑和符号”的建构与诠释研究","null","王赵远","华侨大学","null","福建","教育部非在京直属/地方高校","null","研究报告","null"
"东南亚","24BGJ028","一般项目","区域国别学和国际问题研究","全球安全倡议下中国与东南亚国家合作治理跨国有组织犯罪研究","null","石现明","云南财经大学","null","云南","教育部非在京直属/地方高校","null","研究报告","null"
"东南亚","24BMZ120","一般项目","民族学","东南亚华族博物馆营建与族群意识演变研究","null","刘计峰","厦门大学","null","福建","教育部非在京直属/地方高校","null","研究报告","null"
"东南亚","24BMZ117","一般项目","民族学","东南亚华人商会的发展与转型研究","null","任娜","暨南大学","null","广东","教育部非在京直属/地方高校","null","研究报告","null"
"东南亚","24BZJ039","一般项目","宗教学","东南亚华人基督宗教认同与族群文化认同的互动关系研究","null","张晶盈","华侨大学","null","福建","教育部非在京直属/地方高校","null","专著","null"
"东南亚","24BMZ088","一般项目","民族学","东南亚潮汕民系音乐表达与中华文化认同研究","null","屠金梅","广州大学","null","广东","教育部非在京直属/地方高校","null","专著","null"
"东南亚","24BSS044","一般项目","世界历史","环境史视野下东南亚绿色革命研究（1960—1985）","null","刘宏焘","杭州师范大学","null","浙江","教育部非在京直属/地方高校","null","专著","null"
"东南亚","24KYY003","成果文库","null","东南亚苗语志","null","余金枝","云南师范大学","null","null","null","null","null","null"
"东南亚","24KYY002","成果文库","null","西南地区与东南亚国家民族古籍汉字音研究","null","郑伟","华东师范大学","null","null","null","null","null","null"
"东南亚","23XGJ011","西部项目","国际问题研究","中国与东南亚国家协同推进现代化的路径及策略研究","2023-09-27","霍强","中共云南省委党校","null","null","null","null","null","null"
"东南亚","22CKG001","青年项目","考古学","考古新发现与岭南-东南亚大陆旧新石器时代过渡研究","null","邓婉文","厦门大学","null","福建","教育部非在京直属/地方高校","null","null","null"
"东南亚","22BMZ045","一般项目","民族学","宗乡文化与国际化语境下东南亚闽南人族群身份认同研究","null","王建红","闽南师范大学","null","福建","教育部非在京直属/地方高校","null","null","null"
"东南亚","22CSH023","青年项目","社会学","东南亚佛教国家华人民俗信仰中的社会反哺观念与中华文化认同研究","null","马潇骁","中央民族大学","null","教育部","教育部在京直属高校","null","null","null"
"东南亚","22&ZD272","重大项目","null","东南亚华文文学史料专题研究、分类编纂及数据库建设","null","王列耀","暨南大学","null","广东","教育部非在京直属/地方高校","null","null","null"
"东南亚","22BSS033","一般项目","世界历史","东南亚冷战视域下的“国际援助印尼财团项目”研究（1967-1991）","null","孙丽萍","吉林大学","null","吉林","教育部非在京直属/地方高校","null","null","null"
"东南亚","22FGJB007","后期资助项目","国际问题研究","中日对东南亚基础设施投资的竞合研究","null","王丽琴","同济大学","null","上海","教育部非在京直属/地方高校","null","null","null"
"东南亚","22ASS004","重点项目","世界历史","东南亚次区域合作与区域格局演变研究（1951-2021）","null","郑先武","南京大学","null","江苏","教育部非在京直属/地方高校","null","null","null"
"东南亚","22XMZ035","西部项目","民族学","东南亚回归移民铸牢中华民族共同体意识研究","null","宋婧","大理大学","null","云南","教育部非在京直属/地方高校","null","null","null"
"东南亚","22BWW022","一般项目","外国文学","近现代英国作家南亚东南亚旅行叙事与文化殖民研究","null","舒凌鸿","云南大学","null","云南","教育部非在京直属/地方高校","null","null","null"
"东南亚","22CGJ045","青年项目","国际问题研究","东南亚国家治理影响“一带一路”高质量发展的跨层次比较研究","null","付宇珩","暨南大学","null","广东","教育部非在京直属/地方高校","null","null","null"
"东南亚","22XMZ029","西部项目","民族学","东南亚苗族文献搜集、整理与研究","null","曾丽","贵州师范大学","null","贵州","教育部非在京直属/地方高校","null","null","null"
"东南亚","22BZZ078","一般项目","政治学","东南亚国家自主性与我国“一带一路”倡议域外对接问题研究","null","王海洋","河北师范大学","null","河北","教育部非在京直属/地方高校","null","null","null"
"东南亚","22CXW006","青年项目","新闻学与传播学","东南亚中资企业提升国际传播能力的分众化表达研究","null","沈圆圆","云南大学","null","云南","教育部非在京直属/地方高校","null","null","null"
"东南亚","23CXW015","青年项目","新闻学与传播学","“一带一路”背景下中国减贫故事在东南亚的精准传播研究","2023-09-22","姜静","湖南大学","null","null","null","null","null","null"
"东南亚","23CSS028","青年项目","世界历史","冷战与东南亚国家的战略选择研究","2023-09-22","时伟通","中国社会科学院世界历史研究所","null","null","null","null","null","null"
"东南亚","23CGJ042","青年项目","国际问题研究","东南亚国家代际政治对我国周边安全影响及对策研究","2023-09-22","张添","北京大学","null","null","null","null","null","null"
"东南亚","23CGJ040","青年项目","国际问题研究","“印太经济框架”下东南亚国家的战略选择及中国应对研究","2023-09-22","邢瑞利","南京航空航天大学","null","null","null","null","null","null"
"东南亚","23CGJ024","青年项目","国际问题研究","中美在东南亚数字经济领域的竞争态势及我国对策研究","2023-09-22","贾超芝杉","云南省社会科学院","null","null","null","null","null","null"
"东南亚","23CGJ015","青年项目","国际问题研究","东南亚国家涉“一带一路”舆论的演变及走向研究","2023-09-22","杜斯","云南大学","null","null","null","null","null","null"
"东南亚","23CGJ014","青年项目","国际问题研究","百年变局下东南亚国家的对华认知研究","2023-09-22","赵申洪","中共中央党校（国家行政学院）","null","null","null","null","null","null"
"东南亚","23CMZ052","青年项目","民族学","侨销茶贸易与东南亚华侨华人中华文化认同研究","2023-09-22","苏娟","广西师范大学","null","null","null","null","null","null"
"东南亚","23BGL169","一般项目","管理学","中国面向东南亚国家的旅游形象构建研究","2023-09-22","李雪松","云南财经大学","null","null","null","null","null","null"
"东南亚","23BYY175","一般项目","语言学","“百年变局”下东南亚外来语言竞争与汉语进一步传播研究","2023-09-22","孙瑞","广西大学","null","null","null","null","null","null"
"东南亚","23BYY133","一般项目","语言学","东南亚华语传承系统构建研究","2023-09-22","李春风","北京华文学院","null","null","null","null","null","null"
"东南亚","23BWW026","一般项目","外国文学","东南亚民间故事伦理主题研究","2023-09-22","杨丽周","云南民族大学","null","null","null","null","null","null"
"东南亚","23AZW024","重点项目","中国文学","东南亚华文文学研究的百年流变","2023-09-22","朱文斌","浙江传媒学院","null","null","null","null","null","null"
"东南亚","23BSS016","一般项目","世界历史","地缘政治视角下英国在东南亚的帝国防御研究（1902—1945）","2023-09-22","王本涛","广西师范大学","null","null","null","null","null","null"
"东南亚","21&ZD244","重大项目","null","东南亚藏中国南海史料文献整理与研究","2021-12-06","王子昌","暨南大学","null","null","null","null","null","null"
"东南亚","21CSS001","青年项目","世界历史","生态殖民主义视角下美国全球霸权追逐与东南亚环境变迁（1898-1975）研究","2021-09-24","王林亚","福建师范大学","null","福建","null","null","null","null"
"东南亚","21CGJ032","青年项目","国际问题研究","中美在东南亚非传统安全问题上的竞争与中国的对策研究","2021-09-24","贺嘉洁","复旦大学","null","上海","null","null","null","null"
"东南亚","21CGJ015","青年项目","国际问题研究","东南亚海岛国家外交决策对“一带一路”基础设施项目的影响研究","2021-09-24","王昭晖","厦门大学","null","福建","null","null","null","null"
"东南亚","21ASS006","重点项目","世界历史","东南亚国家中小学历史教科书中的涉华重大叙事研究","2021-09-24","李涛","云南大学","null","云南","null","null","null","null"
"东南亚","21BGJ064","一般项目","国际问题研究","RCEP协议下中日在东南亚第三方市场合作及风险化解机制研究","2021-09-24","黎纯阳","云南财经大学","null","云南","null","null","null","null"
"东南亚","21BGJ043","一般项目","国际问题研究","东南亚地区人民币国际化效果的国家异质性及政策优化研究","2021-09-24","刘方","云南师范大学","null","云南","null","null","null","null"
"东南亚","21BMZ021","一般项目","民族学","东南亚客家影像文献的族群意识书写与中华文化认同研究","2021-09-24","李小华","华南理工大学","null","广东","null","null","null","null"
"东南亚","20FGJB005","后期资助项目","国际问题研究","冷战后美国的东南亚安全战略","2020-10-14","王迎晖","国防大学国家安全学院","null","军队系统","null","null","null","null"
"东南亚","20XMZ044","西部项目","民族学","刘三姐文化在东南亚传播与华人文化认同研究","2020-09-27","任旭彬","广西壮族自治区社会科学院","null","广西","null","null","null","null"
"东南亚","20CGJ048","青年项目","国际问题研究","东南亚民粹主义兴起对南海争端的影响及对策研究","2020-09-27","彭念","中国南海研究院","null","海南","null","null","null","null"
"东南亚","20BZW152","一般项目","中国文学","东南亚华侨华人海外抗战文学研究","2020-09-27","陈庆妃","华侨大学","null","福建","null","null","null","null"
"东南亚","20BZS141","一般项目","中国历史","清代傣族三角区改土归流后的“国家化”过程及与东南亚关系研究","2020-09-27","周寒丽","普洱学院","null","云南","null","null","null","null"
"东南亚","20BWW021","一般项目","外国文学","东南亚华人英文作家离散书写与中国记忆研究","2020-09-27","吴勇","浙江越秀外国语学院","null","浙江","null","null","null","null"
"东南亚","20BSS064","一般项目","世界历史","中美关系与东南亚条约组织的兴衰研究","2020-09-27","刘雄","湖南师范大学","null","湖南","null","null","null","null"
"东南亚","20BSH092","一般项目","社会学","基于东南亚社会调查的中国国家形象及影响因素研究","2020-09-27","许庆红","云南大学","null","云南","null","null","null","null"
"东南亚","20BSH090","一般项目","社会学","东南亚移民在华的社会空间特征及其治理策略研究","2020-09-27","陈凤兰","福州大学","null","福建","null","null","null","null"
"东南亚","20BKG006","一般项目","考古学","中国南方和东南亚大陆的史前文化交流研究","2020-09-27","彭长林","湖南师范大学","null","湖南","null","null","null","null"
"东南亚","20AZW007","重点项目","中国文学","广东戏在东南亚的传播与嬗变研究","2020-09-27","刘红娟","华南农业大学","null","广东","null","null","null","null"
"东南亚","20XMZ044","西部项目","民族学","刘三姐文化在东南亚传播与华人文化认同研究","null","任旭彬","广西社会科学院","null","广西","null","null","专著","null"
"东南亚","14AZD069","重点项目","民族学","东南亚华人跨国流动与海上丝绸之路的文化交流研究","2014-11-05","麻国庆","中央民族大学","null","教育部","教育部在京直属高校","东南亚华人跨国流动与海上丝绸之路的文化交流","专著","良好"
"东南亚","13BYY094","null","null","东南亚英语口语语料库的研制与英语变体研究","null","纪可","广西大学","null","广西壮族自治区","教育部非在京直属/地方高校","东南亚英语口语语料库的研制与英语变体研究报告","研究报告,电脑软件","合格"
"东南亚","13CZJ029","null","null","宗教人类学视域下东南亚华人庙宇跨境文化互动研究","null","陈碧","玉林师范学院","null","广西壮族自治区","教育部非在京直属/地方高校","宗教人类学视域下东南亚华人庙宇跨境文化互动研究","专著","合格"
"东南亚","13XGJ009","null","null","美国战略东移对中国与东南亚关系的影响及我国对策研究","null","杨亚非","广西壮族自治区社会科学院","null","广西壮族自治区","地方社会科学院","美国战略东移对中国与东南亚关系的影响及我国应对策略研究","研究报告","良好"
"东南亚","14CYY043","青年项目","语言学","广西各语言与东南亚语言共享特征的区域类型学研究","2014-06-11","覃东生","广西大学","null","广西","教育部非在京直属/地方高校","广西各语言与东南亚语言 共享特征的区域类型学研究","专著","合格"
"东南亚","13BSS015","一般项目","世界历史","东南亚海上冲突与合作研究（1930—2012）","2013-06-14","李昌新","江西师范大学","null","江西","教育部非在京直属/地方高校","东南亚的海上冲突与合作1930-2017","专著","合格"
"东南亚","14BMZ043","一般项目","民族学","东南亚民族国家建构的历史基础、目标构想与民族整合进程研究","2014-06-11","何平","云南大学","null","云南","教育部非在京直属/地方高校","东南亚民族国家建构的历史基础、目标构想与民族整合进程研究","专著","良好"
"东南亚","19ZDA208","重大项目","null","清代中国与东南亚国家关系研究暨数据库建设","2019-12-04","王巨新","中共山东省委党校","null","山东","null","null","null","null"
"东南亚","17AGJ005","null","null","东南亚恐怖主义新态势及其对我国的影响及对策研究","null","卢光盛","云南大学","null","云南省","教育部非在京直属/地方高校","东南亚恐怖主义新态势及其对我国的影响及对策研究","null","良好"
"东南亚","13CSS030","null","null","日本对东南亚经济外交中的美国因素研究（1945-1972）","null","徐建华","深圳大学","null","广东省","教育部非在京直属/地方高校","《同盟内的博弈：日本对东南亚经济外交中的美国因素研究（1945-1972）》","专著","合格"
"东南亚","12XKG009","null","null","古代云南与东南亚的铜鼓文化交流研究","null","董晓京","云南师范大学","null","云南省","教育部非在京直属/地方高校","古代云南与东南亚的铜鼓文化交流研究","null","合格"
"东南亚","14BSS014","null","null","东南亚三国（印度尼西亚、菲律宾、泰国）华人文化重构研究","null","姜兴山","福建师范大学","null","福建省","教育部非在京直属/地方高校","东南亚华人文化重构研究--以印度尼西亚、菲律宾、泰国为中心","论文集,专著","优秀"
"东南亚","15BSH069","null","null","中国矿业企业在东南亚经营中的社会责任问题研究","null","李彦龙","中共云南省委党校","null","云南省","地方党校","中国矿业企业在东南亚经营中的社会责任问题研究","null","合格"
"东南亚","19BSH092","一般项目","社会学","面向文明对话的中国与东南亚伊斯兰国家文化比较研究","2019-07-15","张燕","国防科技大学","null","军队","军队系统","人同此心 心同此理：面向文明对话的中国与东南亚伊斯兰国家文化比较研究","专著","合格"
"东南亚","19XKS017","西部项目","马列·科社","南亚东南亚孔子学院转型升级与对外文化传播能力提升路径研究","2019-07-15","马勇","云南大学","211高校","云南","高等院校、其他学校","null","null","null"
"东南亚","19CGJ011","青年项目","区域国别学和国际问题研究","东南亚曼陀罗国际体系的生成与变迁研究","2019-07-15","吕振纲","信阳师范大学","null","河南","教育部非在京直属/地方高校","国际关系研究中的曼陀罗体系：理论、历史与现实分析","专著","优秀"
"东南亚","19BSS034","一般项目","世界历史","美国对东南亚华人华侨的心理战研究（1949—1965）","2019-07-15","高艳杰","厦门大学","985高校、211高校","福建","高等院校、其他学校","null","null","null"
"东南亚","19BXW054","一般项目","新闻学与传播学","中国非物质文化遗产在东南亚的跨文化传播效果与提升路径研究","2019-07-15","戚剑玲","南宁师范大学","null","广西","高等院校、其他学校","null","null","null"
"东南亚","19BZJ048","一般项目","宗教学","东南亚华人道教源流、变迁与转型研究","2019-07-15","刘守政","华侨大学","null","福建","教育部非在京直属/地方高校","东南亚华人道教源流、变迁与转型研究","专著","良好"
"东南亚","19BGL137","一般项目","管理学","“一带一路”视角下东南亚国家居民与中国大陆游客和谐群际关系构建研究","2019-07-15","王永强","海南大学","211高校","海南","高等院校、其他学校","null","null","null"
"东南亚","19BYY044","一般项目","语言学","基于文化认知的东南亚汉语教材本土化模式及效果提升研究","2019-07-15","韩明","广西师范大学","null","广西","高等院校、其他学校","null","null","null"
"东南亚","19CYY013","青年项目","语言学","“一带一路”背景下东南亚华裔新生代汉语语言态度与中华文化认同研究","2019-07-15","马冰琼","广西财经学院","null","广西","高等院校、其他学校","null","null","null"
"东南亚","19BSS043","一般项目","世界历史","东南亚国家二战历史记忆建构研究","2019-07-15","朱大伟","赣南师范大学","null","江西","教育部非在京直属/地方高校","东南亚国家二战历史记忆建构研究","专著","良好"
"东南亚","19BSS031","一般项目","世界历史","疟疾控制与冷战期间美国对东南亚的卫生外交研究","2019-07-15","孙建党","福建师范大学","null","福建","高等院校、其他学校","null","null","null"
"东南亚","12XKG009","null","null","古代云南与东南亚的铜鼓文化交流研究","null","董晓京","云南师范大学","null","云南省","教育部非在京直属/地方高校","古代云南与东南亚的铜鼓文化交流研究","研究报告","合格"
"东南亚","13CSS030","null","null","日本对东南亚经济外交中的美国因素研究（1945-1972）","null","徐建华","深圳大学","null","广东省","教育部非在京直属/地方高校","《同盟内的博弈：日本对东南亚经济外交中的美国因素研究（1945-1972）》","专著","合格"
"东南亚","14BSS014","null","null","东南亚三国（印度尼西亚、菲律宾、泰国）华人文化重构研究","null","姜兴山","福建师范大学","null","福建省","教育部非在京直属/地方高校","东南亚华人文化重构研究--以印度尼西亚、菲律宾、泰国为中心","专著","优秀"
"东南亚","15BSH069","null","null","中国矿业企业在东南亚经营中的社会责任问题研究","null","李彦龙","中共云南省委党校","null","云南省","地方党校","中国矿业企业在东南亚经营中的社会责任问题研究","研究报告","合格"
"东南亚","13CMZ057","null","null","东南亚的庇护主义与华侨华人群体研究","null","彭慧","华中师范大学","null","湖北省","教育部非在京直属/地方高校","1.东南亚的庇护主义与华侨华人群体研究","专著","良好"
"东南亚","12BGJ009","null","null","中资企业在东南亚投资大型工程项目政治风险评估研究","null","查道炯","北京大学","null","在京高校","教育部在京直属高校","1.中资企业境外基建工程政治风险管理研究——以东南亚为例","论文集","合格"
"东南亚","12XFX008","null","null","东南亚国家法制的演变及发展","null","米良","云南大学","null","云南省","教育部非在京直属/地方高校","1.东南亚国家法制的演变及发展研究","专著","良好"
"东南亚","16XGJ004","null","null","云南与周边东南亚国家反恐警务执法合作机制研究","null","刘爱娇","云南警官学院","null","云南省","教育部非在京直属/地方高校","1.云南与周边东南亚国家反恐警务执法合作机制研究","研究报告","无（免于鉴定）"
"东南亚","12BYY058","null","null","东南亚语言汉语借词研究","null","韦树关","广西民族大学","null","广西壮族自治区","教育部非在京直属/地方高校","1.东南亚语言汉语借词研究","专著","良好"
"东南亚","18CZJ012","青年项目","宗教学","“一带一路”背景下东南亚华人基督徒的族群身份与中华文化认同研究","2018-06-20","刘计峰","厦门大学","985高校211高校","福建","教育部非在京直属/地方高校","东南亚华人基督徒的族群身份与中华文化认同——基于马来西亚砂拉越的实地研究","研究报告","合格"
"东南亚","18CYY027","青年项目","语言学","东南亚国家华文教育动态数据库建设","2018-06-21","曾小燕","中国石油大学（北京）","985高校211高校","教育部","教育部在京直属高校","1.东南亚国家华文教育动态数据库建设； 2.东南亚国家华文教育动态数据库","研究报告,其他","良好"
"东南亚","18XZW026","西部项目","中国文学","边缘书写与中国故事：东南亚华文女性文学研究","2018-06-21","刘征","宁夏医科大学","null","宁夏","教育部非在京直属/地方高校","《边缘书写与中国故事：东南亚华文女性文学研究》","专著","合格"
"东南亚","18XGJ011","西部项目","区域国别学和国际问题研究","东南亚恐怖主义的网络发动与预警机制研究","2018-06-21","李灿松","云南师范大学","null","云南","教育部非在京直属/地方高校","1.《东南亚恐怖主义的网络发动与预警机制研究》报告； 2.无","研究报告,其他","良好"
"东南亚","18BZW154","一般项目","中国文学","中国文学与东南亚华文文学建构研究","2018-06-21","金进","浙江大学","985高校211高校","浙江","教育部非在京直属/地方高校","中国文学与东南亚华文文学建构研究","专著","良好"
"东南亚","18BZW150","一般项目","中国文学","东南亚汉文报刊小说文献整理与研究（新马卷1919—1949）","2018-06-21","李奎","山西师范大学","null","山西","教育部非在京直属/地方高校","东南亚汉文报刊小说文献整理与研究（新马卷 1919-1949）","专著","合格"
"东南亚","18BYY057","一般项目","语言学","“一带一路”倡议下东南亚国家语言政策与规划研究","2018-06-20","吴坚","华南师范大学","211高校","广东","教育部非在京直属/地方高校","1.东南亚国家语言政策与规划研究； 2.“一带一路”倡议下东南亚国家语言政策与规划研究","专著","良好"
"东南亚","18BMZ101","一般项目","民族学","东南亚民族研究学术史","2018-06-21","赵永胜","玉溪师范学院","null","云南","教育部非在京直属/地方高校","东南亚民族研究学术史","专著","良好"
"东南亚","18BKG003","一般项目","考古学","华南与东南亚晚更新世至全新世过渡期人类石器技术的共性与多样性研究","2018-06-20","李英华","武汉大学","985高校211高校","湖北","教育部非在京直属/地方高校","华南与东南亚晚更新世至全新世过渡期人类石器技术的共性与多样性","论文集","合格"
"东南亚","18BGJ077","一般项目","国际问题研究","“一带一路”在东南亚促进民心相通的路径与举措研究","2018-06-21","周方冶","中国社会科学院","null","社科院","中国社会科学院","null","null","null"
"东南亚","18BGJ068","一般项目","国际问题研究","“一带一路”倡议在东南亚实施的安全环境研究","2018-06-20","程晓勇","暨南大学","211高校","广东","教育部非在京直属/地方高校","1.“一带一路”在东南亚实施的安全环境； 2.《中美日与东盟经济合作解析》等学术论文","研究报告","合格"
"东南亚","18AYY025","重点项目","语言学","东南亚跨境拉祜语比较研究","2018-06-21","刘劲荣","云南民族大学","null","云南","教育部非在京直属/地方高校","1.东南亚跨境拉祜语比较研究； 2.东南亚跨境拉祜语数据库","专著,数据库","良好"
"东南亚","11BZJ032","null","null","东南亚孔教、孔子信仰研究","null","王爱平","华侨大学华文学院（厦门集美）","null","福建","高等院校、其它学校","东南亚孔教与儒教：印（尼）马新泰的考察研究","专著","良好"
"东南亚","13BYY090","null","null","海外华语语言生活状况调查及多媒体语言资源库建设——以东南亚主要国家为例","null","刘华","暨南大学华文学院/海外华语研究中心","211","广东","高等院校、其它学校","东南亚华人社区华语生活状况报告；东南亚多媒体语言资源库（网络版）","研报数据库","良好"
"东南亚","12XMZ083","null","null","东南亚少数族群融入主流社会问题研究","null","岳蓉","贵州师范大学历史与政治学院","null","贵州","高等院校、其它学校","东南亚少数族群融入主流社会问题研究","专著","合格"
"东南亚","11XGJ002","null","null","东南亚地区反洗钱多边合作机制研究","null","李春","云南警官学院刑事侦查学院","null","云南","高等院校、其他学校","东南亚反洗钱多边合作机制研究","研报","合格"
"东南亚","12CGJ019","null","null","东南亚国家来华留学生的文化差异问题研究","null","李涛","云南大学国际关系研究院东南亚研究所","211大学","云南","高等院校、其他学校","东南亚国家来华留学生的文化差异问题研究","研报","合格"
"东南亚","14CZW052","null","null","东南亚汉文报刊小说文献整理与研究（新马卷1815—1919）","null","李奎","山西师范大学","null","山西","高等院校、其他学校","东南亚汉文报刊小说文献整理与研究（新马卷1815-1919）","专著","良好"
"东南亚","11CZS053","null","null","明清时期中缅边境变迁对近代东南亚地缘政治的影响研究","null","段红云","云南大学西南边疆少数民族研究中心","null","云南","高等院校、其他学校","null","A","免于鉴定"
"东南亚","11BWW034","null","null","康拉德东南亚背景小说研究","null","祝远德","广西大学外国语学院","null","广西","高等院校、其他学校","null","AB","合格"
"东南亚","17ZDA163","重大项目","考古学","中国-东南亚铜鼓数字化记录与研究","2017-11-15","李富强","广西民族大学","null","广西","教育部非在京直属/地方高校","1.《中国-东南亚铜鼓数字化记录与研究》； 2.中国-东南亚铜鼓数字化服务平台[http://www.nngfkj.cn:82/]","null","良好"
"东南亚","11CZS055","null","null","东南亚兴化人的庙宇与仪式传统研究","null","郑莉","厦门大学人文学院","985大学、211大学","福建","高等院校","东南亚兴化人的庙宇与仪式传统","专著","良好"
"东南亚","17AGJ005","重点项目","国际问题研究","东南亚恐怖主义新态势及其对我国的影响及对策研究","2017-06-30","卢光盛","云南大学","211高校","云南","高等院校、其他学校","null","null","null"
"东南亚","17ASS007","重点项目","世界历史","非殖民化进程与东南亚冷战格局形成问题研究","2017-07-03","温荣刚","渤海大学","null","辽宁","教育部非在京直属/地方高校","非殖民化进程与东南亚冷战格局形成问题研究","专著","合格"
"东南亚","17BJY150","一般项目","应用经济学","“21世纪海上丝绸之路”背景下我国在东南亚南亚出境旅游效应研究","2017-07-03","张显春","桂林旅游学院","null","广西","教育部非在京直属/地方高校","1.研究报告《“21世纪海上丝绸之路”背景下我国在东南亚南亚出境旅游效应研究》； 2.论文集《“21世纪海上丝绸之路”背景下我国在东南亚南亚出境旅游效应系列研究》","研究报告","合格"
"东南亚","17BYY112","一般项目","语言学","华人移民对东南亚汉语传播影响的国别比较研究","2017-07-03","韩晓明","郑州大学","211高校","河南","教育部非在京直属/地方高校","1.华人移民对东南亚汉语传播影响的多维考察； 2.华人移民对东南亚汉语传播的影响研究论文集","专著","合格"
"东南亚","17BZJ025","一般项目","宗教学","当代东南亚华人基督教会的网络结构、社会资本及发展趋势研究","2017-07-03","张钟鑫","华侨大学","null","福建","教育部非在京直属/地方高校","当代东南亚华人基督教会的网络结构、社会资本及发展趋势研究","专著","优秀"
"东南亚","17XSS003","西部项目","世界历史","抗战时期在延安的东南亚华侨群体研究","2017-06-30","秦艳峰","延安大学","null","陕西","教育部非在京直属/地方高校","抗战时期东南亚华侨在延安","专著","合格"
"东南亚","17XYY022","西部项目","语言学","东南亚国家汉语政策与规划研究","2017-06-30","赵燕","昆明学院","null","云南","教育部非在京直属/地方高校","1.东南亚国家汉语政策与规划研究； 2.关于改善汉语在东南亚传播的几点建议","研究报告","合格"
"东南亚","17XZZ007","西部项目","政治学","战后东南亚民族国家建构与族群排斥研究","2017-06-30","王九龙","贵州大学","211高校","贵州","教育部非在京直属/地方高校","战后东南亚民族国家建构与族群排斥研究","专著","合格"
"东南亚","17CKG006","青年项目","考古学","东南亚青铜时代文化及其与中国文化交流互动研究","2017-07-03","陈晓倩","云南师范大学","null","云南","教育部非在京直属/地方高校","东南亚青铜时代文化及其与中国文化交流互动研究","研究报告","合格"
"东南亚","12CKG002","青年项目","考古学","华南与东南亚新石器时代的比较考古研究	","2012-05-14","陈洪波","广西师范大学历史文化与旅游学院","null","广西","高等院校、其他学校","华南与东南亚新石器时代的比较考古研究","专著","良好"
"东南亚","10BMZ040","null","null","东南亚哈尼族文化认同对中国边境地区构建和谐社会的影响研究","null","杨六金","红河学院国际哈尼/阿卡研究中心","null","云南","高等院校、其他学校","东南亚哈尼族文化认同对中国边境地区构建和谐社会的影响研究","研究报告","合格"
"东南亚","12CKG002","null","null","华南与东南亚新石器时代的比较考古研究","null","陈洪波","广西师范大学历史文化与旅游学院","null","广西","高等院校、其他学院","华南与东南亚新石器时代的比较考古研究","专著","良好"
"东南亚","16ZDA091","重大项目","null","东南亚安全格局对我实施“21世纪海上丝绸之路”战略的影响研究","null","曹云华","暨南大学","null","广东","null","null","null","null"
"东南亚","16CZJ013","青年项目","宗教学","东南亚华人基督教社团的发展转型及对新时期中国—东盟公共外交的影响探究","2016-06-16","张鹏","中央财经大学","非985","教育部","教育部在京直属高校","东南亚华人基督宗教社团与中国-东盟公共外交: 历史演进、系统建构与网络互动","专著","null"
"东南亚","16CYY019","青年项目","语言学","东南亚华族新生代多语能力与文化认同研究","2016-06-16","刘慧","暨南大学","非985","广东","教育部非在京直属/地方高校","1.东南亚华族新生代多语能力与认同调查研究； 2.柬埔寨华人家庭语言规划与华语传承调查研究","研究报告","合格"
"东南亚","16XGJ009","西部项目","国际问题研究","大理国与东南亚古国关系研究","2016-06-16","李魏巍","大理大学","非985","云南","教育部非在京直属/地方高校","大理国与东南亚古国关系研究","专著","null"
"东南亚","16XGJ004","西部项目","国际问题研究","云南与周边东南亚国家反恐警务执法合作机制研究","2016-06-30","刘爱娇","云南警官学院","非985","云南","高等院校、其他学校","null","null","null"
"东南亚","16BZW162","一般项目","中国文学","东南亚抗战的华文叙述研究","2016-06-16","苏永延","厦门大学","985","福建","教育部非在京直属/地方高校","东南亚抗战的华文叙述研究","专著","合格"
"东南亚","16BSS046","一般项目","世界历史","冷战视阙下的东南亚“区域主义”研究（1961—1991）","2016-06-16","张云","暨南大学","非985","广东","教育部非在京直属/地方高校","东南亚冷战与区域国别研究论文集","论文集","良好"
"东南亚","16BMZ097","一般项目","民族学","跨国视野下东南亚华裔与中国互动研究","2016-06-16","任娜","暨南大学","非985","广东","教育部非在京直属/地方高校","网络、资本与认同——跨国视野下东南亚华商与中国互动研究","专著","合格"
"东南亚","16BGJ051","一般项目","国际问题研究","东南亚华商助推“21世纪海上丝绸之路”建设的作用与路径研究","2016-06-16","黄伟锋","浙江工业大学","非985","浙江","教育部非在京直属/地方高校","东南亚华商助推“21世纪海上丝绸之路”建设的作用与路径研究","研究报告","合格"
"东南亚","16BGJ017","一般项目","国际问题研究","冷战后美国、日本对东南亚的援助及对我国的启示研究","2016-06-16","陈莹","暨南大学","非985","广东","教育部非在京直属/地方高校","人类命运共同体视域下中国对外援助的创新与超越——基于中美日对东南亚援助的比较研究","研究报告","合格"
"东南亚","16BFX191","一般项目","法学","“一带一路”战略下东南亚地区工程承包PPP融资模式法律问题研究","2016-06-16","罗传钰","广西大学","非985","广西","教育部非在京直属/地方高校","“一带一路”战略下东南亚地区工程承包PPP融资模式法律问题研究","研究报告","无（免于鉴定）"
"东南亚","16BFX190","一般项目","法学","“一带一路”沿线东南亚若干国家国际民商事争议解决制度研究","2016-06-16","欧福永","湖南师范大学","非985","湖南","教育部非在京直属/地方高校","“一带一路”沿线东南亚若干国家国际民商事争议解决制度研究","专著","无（免于鉴定）"
"东南亚","16BFX189","一般项目","法学","中国与南亚、东南亚国家境外追逃追赃的国际刑事司法合作研究","2016-06-16","高巍","云南大学","非985","云南","教育部非在京直属/地方高校","中国与南亚、东南亚国家境外追逃追赃刑事司法合作研究","专著","无（免于鉴定）"
"东南亚","16AZJ001","重点项目","宗教学","“一带一路”沿线东南亚国家的宗教治理经验及管理模式研究","2016-06-16","郑筱筠","中国社会科学院世界宗教研究所","null","社科院","中国社会科学院下属研究所","“一带一路”沿线东南亚国家的宗教治理经验及管理模式研究","专著","无（免于鉴定）"
"东南亚","16AYY018","重点项目","语言学","东南亚苗语志","2016-06-16","余金枝","云南师范大学","非985","云南","教育部非在京直属/地方高校","东南亚苗语志","专著","优秀"
"东南亚","15ZDA064","重大项目","null","东南亚安全格局对我国家安全战略影响及对策研究","2015-07-31","李晨阳","云南大学","null","云南","高等院校、其他学校","null","null","null"
"东南亚","09CZW069","青年项目","中国文学","多元混融中的白族文学--白族文学与东南亚、印度、汉族文学的关系研究","2009-06-04","董秀团","云南大学人文学院中文系","211大学","云南","高等院校、其他学校","null","null","null"
"东南亚","11CGJ005","青年项目","国际问题研究","东南亚国家处理海域争端的方式研究","2011-07-01","邵建平","云南大学国际关系研究院","211大学","云南","高等院校、其他学校","null","null","null"
"东南亚","08BMZ032","一般项目","民族问题研究","东南亚华族与其他移民族群国家认同、族别认同的比较研究","2008-06-04","郭玉聪","厦门大学南洋研究院","211大学、985大学","福建","高等院校、其他学校","东南亚华族与其他移民族群国家认同、族别认同的比较研究","研究报告","良好"
"东南亚","15XSS004","西部项目","世界历史","19世纪英国在东南亚的海洋政策研究","2015-06-16","王本涛","广西师范大学","非211大学、非985大学","广西","教育部非在京直属/地方高校","19世纪英国在东南亚的海洋政策研究","专著","null"
"东南亚","15BZZ005","一般项目","政治学","比较政治学视角下东南亚国家政治发展中的族际整合研究","2015-06-16","赵海英","河北师范大学","非211大学、非985大学","河北","教育部非在京直属/地方高校","比较政治学视角下东南亚国家政治发展中的族际整合研究","研究报告","null"
"东南亚","15BZS121","一般项目","中国历史","华南与东南亚间的侨批网络与社会互动研究（1911-1949）","2015-06-16","陈丽园","广东财经大学","非211大学、非985大学","广东","教育部非在京直属/地方高校","华南与东南亚间的侨批网络与社会互动研究（1911-1949）","专著","null"
"东南亚","15BSS040","一般项目","世界历史","二战后东南亚区域合作起源与演变研究（1945-1967）","2015-06-16","郑先武","南京大学","985大学、211大学","江苏","教育部非在京直属/地方高校","二战后东南亚区域合作起源与演变研究（1945-1967）","专著","null"
"东南亚","15BSH069","一般项目","社会学","中国矿业企业在东南亚经营中的社会责任问题研究","2015-06-16","李彦龙","云南省委党校","null","云南","各级党校","null","null","null"
"东南亚","15BMZ071","一般项目","民族学","东南亚华人眼中的中国","2015-06-16","梁茂春","暨南大学","211大学","广东","教育部非在京直属/地方高校","东南亚华人眼中的中国","研究报告","null"
"东南亚","14FGJ005","后期资助项目","国际问题研究","美国重返东南亚的同盟战略研究","2014-12-01","朱陆民","湘潭大学","null","湖南省","高等院校、其他学校","null","null","null"
"东南亚","14AZD069","重点项目","民族学","东南亚华人跨国流动与海上丝绸之路的文化交流研究","2014-11-05","麻国庆","中央民族大学","0","教育部","教育部在京直属高校","东南亚华人跨国流动与海上丝绸之路的文化交流","专著","0"
"东南亚","14CZW052","青年项目","中国文学","东南亚汉文报刊小说文献整理与研究（新马卷1815—1919）","2014-06-15","李奎","山西师范大学","非985非211","山西","高等院校、其他学校","null","null","null"
"东南亚","14AZJ007","重点项目","宗教学","东南亚华文宗教碑铭的搜集、整理与研究","2014-06-11","黄海德","华侨大学","非985非211","福建","教育部非在京直属/地方高校","东南亚华文宗教碑铭的搜集、整理与研究","专著","null"
"东南亚","14BMZ043","一般项目","民族学","东南亚民族国家建构的历史基础、目标构想与民族整合进程研究","2014-06-11","何平","云南大学","211非985","云南","教育部非在京直属/地方高校","东南亚民族国家建构的历史基础、目标构想与民族整合进程研究","专著","null"
"东南亚","14BZS084","一般项目","中国历史","明清时期中国与东南亚的海参、燕窝和鱼翅贸易研究","2014-06-11","冯立军","厦门大学","211且985","福建","教育部非在京直属/地方高校","明清时期中国与东南亚海参、燕窝和鱼翅贸易研究","专著","null"
"东南亚","14BWW060","一般项目","外国文学","东南亚裔美国小说研究","2014-06-11","张燕","桂林电子科技大学","非985非211","广西","教育部非在京直属/地方高校","东南亚裔美国小说研究","专著","null"
"东南亚","14CYY043","青年项目","语言学","广西各语言与东南亚语言共享特征的区域类型学研究","2014-06-11","覃东生","广西大学","211非985","广西","教育部非在京直属/地方高校","广西各语言与东南亚语言 共享特征的区域类型学研究","专著","null"
"东南亚","14XYY006","西部项目","语言学","东南亚英语地位嬗变与国家文化身份重塑研究","2014-06-13","陈兵","广西大学","211非985","广西","教育部非在京直属/地方高校","东南亚英语地位嬗变与国家文化身份重塑研究","专著","null"
"东南亚","14BSS014","一般项目","世界历史","东南亚三国（印度尼西亚、菲律宾、泰国）华人文化重构研究","2014-06-15","姜兴山","福建师范大学","非985非211","福建","高等院校、其他学校","null","null","null"
"东南亚","14BMZ104","一般项目","民族学","中国壮锦与东南亚相关织锦的综合研究","2014-06-11","吴伟峰","广西壮族自治区博物馆","null","广西","其他","中国壮锦与东南亚相关织锦的综合研究","研究报告","null"
"东南亚","14AYY011","重点项目","语言学","东南亚汉语传播的国别比较研究","2014-06-11","吴应辉","中央民族大学","211且985","高校","高等院校、其他学校","《东南亚汉语传播的国别比较研究》","论文集","null"
"东南亚","13XGJ009","西部项目","国际问题研究","美国战略东移对中国与东南亚关系的影响及我国对策研究","2013-06-10","杨亚非","广西社会科学院","null","广西","省、市社会科学院","null","null","null"
"东南亚","13CZJ029","青年项目","宗教学","宗教人类学视域下东南亚华人庙宇跨境文化互动研究","2013-06-10","陈碧","玉林师范学院","null","广西","高等院校","null","null","null"
"东南亚","13BYY094","一般项目","语言学","东南亚英语口语语料库的研制与英语变体研究","2013-06-10","纪可","广西大学","211大学","广西","高等院校","null","null","null"
"东南亚","13CSS030","青年项目","世界历史","日本对东南亚经济外交中的美国因素研究（1945-1972）","2013-06-10","徐建华","深圳大学","null","广东","高等院校","null","null","null"
"东南亚","13CMZ057","青年项目","民族问题研究","东南亚的庇护主义与华侨华人群体研究","2013-06-10","彭慧","华中师范大学","211大学","湖北","高等院校","null","null","null"
"东南亚","13BSS015","一般项目","世界历史","东南亚海上冲突与合作研究（1930—2012）","2013-06-14","李昌新","江西师范大学","null","江西","教育部非在京直属/地方高校","东南亚的海上冲突与合作1930-2017","专著","null"
"东南亚","99BMZ017","一般项目","民族问题研究","全球化进程中的中国及东南亚傣泰民族文化多样性比较研究","1999-07-01","郑晓云","云南省社会科学院","null","云南","省、市社会科学院","全球化进程中的中国与东南亚傣族民族文化多样性比较","专著","良好"
"东南亚","98EZS001","null","中国历史","东南亚海外潮人研究","1998-05-01","冷东","汕头大学东南亚研究中心","null","广东","高等院校、其他学校","东南亚海外潮人研究","专著","null"
"东南亚","98EZJ001","null","宗教学","华人宗教与东南亚现代化","1998-05-01","张禹东","福建华侨大学社会科学系","null","福建","高等院校、其他学校","华人宗教与东南亚现代化","null","null"
"东南亚","98BZW027","一般项目","中国文学","东南亚华文文学比较研究","1998-05-01","饶芃子","暨南大学中文系","211大学","广东","高等院校、其他学校","东南亚华文文学比较研究","null","null"
"东南亚","98BJY061","一般项目","应用经济","东南亚金融风波及我们的对策","1998-05-01","刘海藩","中共中央党校","null","党校","各级党校","中国金融问题风险和化解","专著","null"
"东南亚","98BJY060","一般项目","应用经济","东南亚金融风波与我国金融市场开放问题研究","1998-05-01","潘正彦","上海社会科学院部门经济研究所","null","上海","省、市社会科学院","东南亚金融风波与我国金融市场开放问题研究","研究报告","null"
"东南亚","98BJY059","一般项目","应用经济","东南亚金融风波对我国保险业的影响与对策研究","1998-05-01","李中杰","郑州大学经贸管理系","211大学","河南","高等院校、其他学校","东南亚金融风波对我国保险业的影响与对策研究","null","null"
"东南亚","97CSS001","青年项目","世界历史","东南亚国家华人与当地民族的关系","1997-04-15","李一平","厦门大学历史研究所","985大学、211大学","福建","高等院校、其他学校","东南亚国家华人与当地民族的关系","null","null"
"东南亚","97CGJ001","青年项目","国际问题研究","香港回归对香港与东南亚关系的影响及对策建议","1997-04-15","吴崇伯","厦门大学南洋研究所","985大学、211大学","福建","高等院校、其他学校","香港回归对香港与东南亚关系的影响及对策建议","null","null"
"东南亚","96BZZ014","一般项目","政治学","九十年代东南亚国家政治发展研究","1996-07-01","卓越","厦门大学","985大学、211大学","福建","高等院校、其他学校","九十年代东南亚国家政治发展研究","null","null"
"东南亚","93BSS002","一般项目","世界历史","东南亚华人资本的历史考察","1993-05-27","李国梁","厦门大学南洋研究所","985大学、211大学","福建","高等院校、其他学校","东南亚华侨华人经济简史","null","null"
"东南亚","92AWW004","重点项目","外国文学","世界四大文化与东南亚文学","1992-10-25","梁立基","北京大学东方语言文学系","985大学、211大学","教育部","高等院校、其他学校","世界四大文化与东南亚文学","null","null"
"东南亚","92ASS006","重点项目","世界历史","战后东南亚的历史发展","1992-10-25","贺圣达","云南省社科院东南亚研究所","null","云南","省、市社会科学院","战后东南亚的历史发展","null","null"
"东南亚","91CZS016","青年项目","中国历史","近代中国与东南亚的经济关系","1991-12-31","聂德宁","厦门大学南洋所","985大学、211大学","福建","高等院校、其他学校","近现代中国与东南亚经贸关系史研究","null","null"
"东南亚","91BZW032","一般项目","中国文学","东南亚华文文学论","1991-12-31","杨振昆","云南大学中文系","211大学","云南","高等院校、其他学校","东南亚华文文学论","null","null"
"东南亚","91BSS007","一般项目","世界历史","西方国家对东南亚国家殖民政策比较研究","1991-12-31","孙福生","厦门大学历史系","985大学、211大学","福建","高等院校、其他学校","西方国家对东南亚国家殖民政策比较研究","null","null"
"东南亚","91BJB075","一般项目","应用经济","云南面向东南亚开放研究（西南合作面向东南亚开放子课题）","1991-12-31","郑幼炯","云南省人民政府","null","云南","各级党政机关","云南面向东南亚开放研究（西南合作面向东南亚开放子课题）","null","null"
"东南亚","91BJB074","一般项目","应用经济","西南联合南向东南亚开放（四川）","1991-12-31","章玉钧","中共四川省委政策研究室","null","四川","各级党政机关","西南联合南向东南亚开放（四川）","null","null"
"东南亚","91BJB073","一般项目","应用经济","西南联合面向东南亚开放--贵州对东南亚开放问题研究","1991-12-31","常征","贵州省委宣传部","null","贵州","各级党政机关","关于贵州对东南亚开放若干问题研究的总报告","null","null"
"东南亚","91BJB072","一般项目","应用经济","西南联合面向东南亚开放--广西南向东南亚开放","1991-12-31","洪普洲","广西区计委","null","广西","各级党政机关","null","null","null"
"东南亚","91BJB071","一般项目","应用经济","西南合作面向东南亚开放研究","1991-12-31","李树基","云南省人民政府","null","云南","各级党政机关","西南合作面向东南亚开放研究","null","null"
"东南亚","91BJB070","一般项目","应用经济","重庆企业走向东南亚的对策研究","1991-12-31","陶维全","重庆社会科学院","null","重庆","中国社会科学院","重庆企业开拓东南亚市场的对策研究","研究报告","null"
"东南亚","91BJB069","一般项目","应用经济","“西南联合面向东南亚开放”成都分课题","1991-12-31","沈亮","中共成都市委政策研究室","null","四川","各级党政机关","null","null","null"
"东南亚","12XMZ083","西部项目","民族问题研究","东南亚少数族群融入主流社会问题研究","2012-05-25","岳蓉","贵州师范大学历史与政治学院","null","贵州","高等院校、其他学校","null","null","null"
"东南亚","12XKG009","西部项目","考古学","古代云南与东南亚的铜鼓文化交流研究","2012-05-25","董晓京","云南师范大学历史与行政学院","null","云南","高等院校、其他学校","null","null","null"
"东南亚","12XFX008","西部项目","法学","东南亚国家法制的演变及发展","2012-05-25","米良","云南大学法学院","211大学","云南","高等院校、其他学校","null","null","null"
"东南亚","12CKG002","青年项目","考古学","华南与东南亚新石器时代的比较考古研究	","2012-05-14","陈洪波","广西师范大学历史文化与旅游学院","null","广西","高等院校、其他学校","null","null","null"
"东南亚","12CGJ019","青年项目","国际问题研究","东南亚国家来华留学生的文化差异问题研究	","2012-05-14","李涛","云南大学国际关系研究院东南亚研究所","211大学","云南","高等院校、其他学校","null","null","null"
"东南亚","12BYY058","一般项目","语言学","东南亚语言汉语借词研究	","2012-05-14","韦树关","广西民族大学外国语学院","null","广西","高等院校、其他学校","null","null","null"
"东南亚","12BGJ009","一般项目","国际问题研究","中资企业在东南亚投资大型工程项目政治风险评估研究	","2012-05-14","查道炯","北京大学国际关系学院","985大学、211大学","教育部","高等院校、其他学校","null","null","null"
"东南亚","11XGJ002","西部项目","国际问题研究","东南亚地区反洗钱多边合作机制研究","2011-07-01","李春","云南警官学院刑事侦查学院","null","云南","高等院校、其他学校","null","null","null"
"东南亚","11CZS055","青年项目","中国历史","东南亚兴化人的庙宇与仪式传统研究","2011-07-01","郑莉","厦门大学人文学院","985大学、211大学","福建","高等院校、其他学校","null","null","null"
"东南亚","11CZS053","青年项目","中国历史","明清时期中缅边境变迁对近代东南亚地缘政治的影响研究","2011-07-01","段红云","云南大学西南边疆少数民族研究中心","211大学","云南","高等院校、其他学校","null","null","null"
"东南亚","11CGJ005","青年项目","国际问题研究","东南亚国家处理海域争端的方式研究","2011-07-01","邵建平","云南大学国际关系研究院","211大学","云南","高等院校、其他学校","东南亚国家处理海域争端的方式研究","研究报告","合格"
"东南亚","11BZJ032","一般项目","宗教学","东南亚孔教、孔子信仰研究","2011-07-01","王爱平","华侨大学华文学院（厦门集美）","null","福建","高等院校、其他学校","null","null","null"
"东南亚","11BWW034","一般项目","外国文学","康拉德东南亚背景小说研究","2011-07-01","祝远德","广西大学外国语学院","211大学","广西","高等院校、其他学校","null","null","null"
"东南亚","10XGJ007","西部项目","国际问题研究","东南亚社会主义的历史、现状及发展趋势研究","2010-07-01","靳昆萍","云南省社会科学界联合会","null","云南","其他","东南亚社会主义的历史、现状及发展趋势研究","专著","优秀"
"东南亚","10CZW053","青年项目","中国文学","东南亚华文诗歌研究","2010-06-17","朱文斌","浙江省绍兴文理学院科研处","null","浙江","高等院校、其他学校","东南亚华文诗歌与中国性关系研究","专著","优秀"
"东南亚","10BMZ040","一般项目","民族问题研究","东南亚哈尼族文化认同对中国边境地区构建和谐社会的影响研究","2010-06-17","杨六金","红河学院国际哈尼/阿卡研究中心","null","云南","高等院校、其他学校","东南亚哈尼族文化认同对中国边境地区构建和谐社会的影响研究","研究报告","合格"
"东南亚","10AGJ003","重点项目","国际问题研究","中美日印在东南亚的软实力比较及我国对策研究","2010-06-17","曹云华","暨南大学东南亚研究所","211大学","广东","高等院校、其他学校","中国软实力的创新与超越：基于中美日印在东南亚软实力比较的视角","专著","优秀"
"东南亚","09CZW069","青年项目","中国文学","多元混融中的白族文学--白族文学与东南亚、印度、汉族文学的关系研究","2009-06-04","董秀团","云南大学人文学院中文系","211大学","云南","高等院校、其他学校","多元混融中的白族文学——白族文学与东南亚、印度、汉族文学的关系研究","专著","良好"
"东南亚","08XSS004","西部项目","世界历史","冷战时期美国东南亚政策研究","2008-07-04","刘连芬","贵州师范大学历史与政治学院","null","贵州","高等院校、其他学校","冷战时期美国东南亚政策研究","专著","合格"
"东南亚","08BYY019","一般项目","语言学","基于语料库的东南亚华语基本词语研究","2008-06-04","刘华","暨南大学华文学院海外华语研究中心","211大学","广东","高等院校、其他学校","基于语料库的东南亚华语用字用语调查研究","研究报告、软件","合格"
"东南亚","08BMZ032","一般项目","民族问题研究","东南亚华族与其他移民族群国家认同、族别认同的比较研究","2008-06-04","郭玉聪","厦门大学南洋研究院","211大学、985大学","福建","高等院校、其他学校","东南亚华族与其他移民族群国家认同、族别认同的比较研究","研究报告","良好"
"东南亚","07XZS011","西部项目","中国历史","南海丝绸之路与中国--东南亚民族经济文化交流","2007-07-10","岑贤安","广西社会科学院","null","广西","省、市社会科学院","南海丝绸之路与东南亚民族经济文化交流","专著","合格"
"东南亚","07XSS002","西部项目","世界历史","东南亚历史上若干重大问题研究","2007-07-10","贺圣达","云南省社会科学院","null","云南","省、市社会科学院","东南亚历史与文化：从原始社会到21世纪初","专著","优秀"
"东南亚","07CSS002","青年项目","世界历史","冷战初期的东南亚华侨华人","2007-06-04","刘雄","湖南师范大学历史文化学院","211大学","湖南","高等院校、其他学校","冷战初期的东南亚华侨华人","专著","合格"
"东南亚","07BYY017","一般项目","语言学","东南亚华人社区汉语方言比较研究","2007-06-04","陈晓锦","暨南大学文学院中文系","211大学","广东","高等院校、其他学校","东南亚华人社区汉语方言概要","专著、论文（集）","优秀"
"东南亚","07BSS009","一般项目","世界历史","东南亚民族史","2007-06-04","何平","云南大学人文学院历史系","211大学","云南","高等院校、其他学校","东南亚民族史","专著","良好"
"东南亚","06XSS001","西部项目","世界历史","东南亚地区民族国家的形成及其发展研究","2006-06-20","岳蓉","贵州师范大学历史与政治学院","null","贵州","高等院校、其他学校","东南亚地区民族国家的形成及其发展研究","专著","良好"
"东南亚","06BSS006","一般项目","世界历史","战后东南亚民族分离主义运动研究","2006-07-01","李一平","厦门大学南洋研究院","985大学、211大学","福建","高等院校、其他学校","战后东南亚民族分离主义运动研究","专著","良好"
"东南亚","05CZJ004","青年项目","宗教学","海外华人宗教信仰研究：当代东南亚华人基督教与民间信仰的比较","2005-05-18","朱峰","福建师范大学宗教文化研究所","null","福建","高等院校、其他学校","基督教与海外华人的文化适应：近代东南亚华人的移民社区的个案研究","专著","合格"
"东南亚","05BZJ017","一般项目","宗教学","海外华人宗教信仰研究：东南亚华人民间宗教之建构与现状","2005-05-18","曾玲","厦门大学宗教研究所","985大学、211大学","福建","高等院校、其他学校","东南亚华人民间宗教：田野调查与个案研究","论文（集）","良好"
"东南亚","04CJY020","青年项目","应用经济","我国参与东南亚自由贸易区的对策和措施研究","2004-05-09","陈雯","厦门大学经济研究所","985大学、211大学","福建","高等院校、其他学校","中国-东盟自由贸易区研究","专著","良好"
"东南亚","04BZJ010","一般项目","宗教学","东南亚伊斯兰教与现代化","2004-05-09","范若兰","中山大学政治与公共事务学院东南亚研究所","985大学、211大学","广东","高等院校、其他学校","伊斯兰教与东南亚现代化进程","专著","良好"
"东南亚","04BSS003","一般项目","世界历史","日本对东南亚战争受害国的赔偿外交","2004-05-09","徐康明","云南大学历史文化学院","211大学","云南","高等院校、其他学校","null","null","null"
"东南亚","03BZW048","一般项目","中国文学","东南亚：从华人文学到华人族裔文学的当代转型","2003-08-11","王列耀","暨南大学华文学院","211大学","广东","高等院校、其他学校","趋异与共生--东南亚华文文学新镜论","专著","优秀"
"东南亚","02EZJ002","null","宗教学","东南亚华侨华人传统宗教源流、演变及现代转化之研究","2002-07-01","张禹东","华侨大学社会科学研究所","null","福建","高等院校、其他学校","传统与变迁：东南亚华侨华人传统宗教的现状、特质与发展趋势","研究报告","良好"
"东南亚","01BSS012","一般项目","世界历史","东南亚伊期兰教与当代政治","2001-07-01","贺圣达","云南省社会科学院","null","云南","省、市社会科学院","东南亚伊斯兰教与当代政治","专著","优秀"
"东南亚","12KSS003","成果文库","世界历史","东南亚古代史","2012-01-01","梁志明","北京大学","211大学、985大学","教育部","高等院校、其他学校","null","专著","null"
"东盟","23&ZD333","重大项目","null","大变局加速演进背景下中国与东盟共建命运共同体研究","null","范祚军","广西社会科学院","null","广西","地方社会科学院","null","专著,研究报告,其他","null"
"东盟","23&ZD332","重大项目","区域国别学和国际问题研究","大变局加速演进背景下中国与东盟共建命运共同体研究","null","卢光盛","云南大学","null","云南","教育部非在京直属/地方高校","null","专著,研究报告","null"
"东盟","24BXW019","一般项目","新闻学与传播学","东盟国家社交媒体涉华舆情的形成机制及对策研究","null","陈静静","云南大学","null","云南","教育部非在京直属/地方高校","null","研究报告","null"
"东盟","24BTY014","一般项目","体育学","中国-东盟中华武术口述史料釆辑与跨文化认同研究","null","孟涛","首都体育学院","null","北京","教育部非在京直属/地方高校","null","专著,研究报告","null"
"东盟","24XGJ011","西部项目","区域国别学和国际问题研究","跨境保险提升中国-东盟经贸安全的机制及对策研究","null","王铭利","广西财经学院","null","广西","教育部非在京直属/地方高校","null","研究报告","null"
"东盟","24XGJ010","西部项目","区域国别学和国际问题研究","金融高水平开放背景下中国-东盟跨境资本流动风险共振效应及防范研究","null","赵瑞娟","广西师范大学","null","广西","教育部非在京直属/地方高校","null","研究报告","null"
"东盟","24XGJ008","西部项目","区域国别学和国际问题研究","全球安全倡议下中国—东盟推动南海安全架构的模式与路径研究","null","林勇新","中国南海研究院","null","海南","其他","null","论文集,研究报告","null"
"东盟","24XGJ007","西部项目","区域国别学和国际问题研究","RCEP全面生效后中国-东盟地理标志规则冲突及协调研究","null","李丽辉","昆明理工大学","null","云南","教育部非在京直属/地方高校","null","专著","null"
"东盟","24XGJ006","西部项目","区域国别学和国际问题研究","中国-东盟产业链合作的“隐性壁垒”及消弭策略研究","null","关勇军","广西科技大学","null","广西","教育部非在京直属/地方高校","null","论文集,研究报告","null"
"东盟","24XGL023","西部项目","管理学","面向东盟的边境旅游地多元异质行动者共建共治共享研究","null","黄毅","桂林理工大学","null","广西","教育部非在京直属/地方高校","null","研究报告,其他","null"
"东盟","24XMZ086","西部项目","民族学","文明互鉴视域下中国-东盟陆路边境口岸文化建设研究","null","李联廉","楚雄师范学院","null","云南","教育部非在京直属/地方高校","null","研究报告","null"
"东盟","24XJY048","西部项目","应用经济学","海南自贸港与中国—东盟境外经贸合作区联动发展研究","null","袁博","海南热带海洋学院","null","海南","教育部非在京直属/地方高校","null","研究报告","null"
"东盟","24XJY047","西部项目","应用经济学","大宗商品价格风险溢出对中国-东盟产业链安全的影响及应对策略研究","null","黄轲","南宁学院","null","广西","教育部非在京直属/地方高校","null","专著,研究报告","null"
"东盟","24XJY001","西部项目","应用经济学","基于西部陆海新通道的中国-东盟产业链供应链韧性提升路径研究","null","段艳平","广西财经学院","null","广西","教育部非在京直属/地方高校","null","研究报告","null"
"东盟","24BJL028","一般项目","理论经济学","韧性提升视角下中国与东盟产业链供应链合作模式优化研究","null","周英","中央民族大学","null","教育部","教育部在京直属高校","null","专著","null"
"东盟","24AJL011","重点项目","理论经济学","全球安全观视角下中国-东盟区域价值链解耦趋势与重构机制研究","null","文淑惠","昆明理工大学","null","云南","教育部非在京直属/地方高校","null","研究报告","null"
"东盟","24BGJ051","一般项目","区域国别学和国际问题研究","新的国际背景下中国—东盟区域产业链重构路径及策略研究","null","缪慧星","广西大学","null","广西","教育部非在京直属/地方高校","null","论文集,研究报告","null"
"东盟","24BSS041","一般项目","世界历史","中国-东盟经济合作史研究（1967—2023）","null","姚云贵","江西师范大学","null","江西","教育部非在京直属/地方高校","null","专著,研究报告","null"
"东盟","23XGL009","西部项目","管理学","中国—东盟公共安全跨域治理机制研究","2023-09-27","周俊","广西警察学院","null","null","null","null","null","null"
"东盟","23XXW012","西部项目","新闻学与传播学","中国—东盟稻作文化交流互鉴及其当代价值研究","2023-09-27","黄玉华","广西财经学院","null","null","null","null","null","null"
"东盟","23XGJ012","西部项目","国际问题研究","中美博弈背景下美国“印太战略”对中国—东盟关系的影响与应对研究","2023-09-27","刘稚","云南大学","null","null","null","null","null","null"
"东盟","23XGJ007","西部项目","国际问题研究","西方媒体对中国—东盟合作的负面叙事构建及应对策略研究","2023-09-27","张蕾","云南大学","null","null","null","null","null","null"
"东盟","23XFX026","西部项目","法学","中国—东盟跨境电商海外仓经营人责任研究","2023-09-27","陈思静","广西大学","null","null","null","null","null","null"
"东盟","23XZZ006","西部项目","政治学","中国—东盟职业资格互认协同机制研究","2023-09-27","吴凡","广西大学","null","null","null","null","null","null"
"东盟","22BGJ032","一般项目","国际问题研究","“一带一路”倡议对东盟国家基础设施建设能力提升的驱动机制与实现路径研究","null","许劲","四川外国语大学","null","重庆","教育部非在京直属/地方高校","null","null","null"
"东盟","22XGJ004","西部项目","国际问题研究","东盟的对冲策略与越南的角色研究","null","阳阳","广西民族大学","null","广西","教育部非在京直属/地方高校","null","null","null"
"东盟","22XGJ007","西部项目","国际问题研究","中国-东盟跨境公共卫生合作机制构建研究","null","李秀芳","昆明医科大学","null","云南","教育部非在京直属/地方高校","null","null","null"
"东盟","22BGJ023","一般项目","国际问题研究","高质量共建“一带一路”背景下深化中国—东盟数字合作机制研究","null","姜志达","中国国际问题研究院","null","机关","各级党政机关","null","null","null"
"东盟","22BYY067","一般项目","语言学","东盟国家对中国“和合”话语的认知和影响因素研究","null","马倩","昆明理工大学","null","云南","教育部非在京直属/地方高校","null","null","null"
"东盟","22CJY014","青年项目","应用经济学","数字经济驱动中国—东盟区域价值链重构的机制与路径研究","null","许露元","广西财经学院","null","广西","教育部非在京直属/地方高校","null","null","null"
"东盟","22CGJ023","青年项目","国际问题研究","数字转型下RCEP对中国-东盟跨境电商的影响及应对策略研究","null","何珊","广西财经学院","null","广西","教育部非在京直属/地方高校","null","null","null"
"东盟","22BYY155","一般项目","语言学","中文教育助推新时代中国东盟全面战略伙伴关系建设研究","null","姜兴山","福建师范大学","null","福建","教育部非在京直属/地方高校","null","null","null"
"东盟","22BXW094","一般项目","新闻学与传播学","出版视域下面向东盟国家的国际传播能力提升路径研究","null","张艺兵","广西师范大学","null","广西","教育部非在京直属/地方高校","null","null","null"
"东盟","22BGJ026","一般项目","国际问题研究","经济数字化视阈下泛东盟地区国际投资税收协定规则协同变革研究","null","霍军","广西财经学院","null","广西","教育部非在京直属/地方高校","null","null","null"
"东盟","22BXW100","一般项目","新闻学与传播学","提升西南边疆农村脱贫经验对东盟传播效能研究","null","张明","广西大学","null","广西","教育部非在京直属/地方高校","null","null","null"
"东盟","22BGJ079","一般项目","国际问题研究","东盟区域内移民与一体化进程的互动关系研究","null","廖春勇","广西民族大学","null","广西","教育部非在京直属/地方高校","null","null","null"
"东盟","22AZD106","重点项目","区域国别学和国际问题研究","“五个家园”维度下构建中国—东盟命运共同体研究","null","卢光盛","云南大学","null","云南","教育部非在京直属/地方高校","“五个家园”维度下构建中国-东盟命运共同体研究","研究报告","null"
"东盟","22CGJ015","青年项目","国际问题研究","中国推动中国—东盟价值链重构的路径与对策研究","null","卢潇潇","广西财经学院","null","广西","教育部非在京直属/地方高校","null","null","null"
"东盟","22CGJ036","青年项目","国际问题研究","中国-东盟跨境数据共享机制研究","null","陈晔婷","云南师范大学","null","云南","教育部非在京直属/地方高校","null","null","null"
"东盟","22XGJ010","西部项目","国际问题研究","东盟国家对中美战略竞争的认知与对外政策选择及其对我国的影响","null","赵姝岚","云南省社会科学院","null","云南","地方社会科学院","null","null","null"
"东盟","22CGJ044","青年项目","国际问题研究","共建“一带一路”背景下中国-东盟灾害管理合作机制深化研究","null","李垣萤","河南师范大学","null","河南","教育部非在京直属/地方高校","null","null","null"
"东盟","22AGJ014","重点项目","国际问题研究","“一带一路”倡议和不确定性冲击背景下中国与东盟合作机制深化研究","null","陈瑶雯","广西民族大学","null","广西","教育部非在京直属/地方高校","null","null","null"
"东盟","22BGJ048","一般项目","国际问题研究","数字技术创新对中国-东盟价值链贸易碳排放的影响研究","null","赵立斌","河北大学","null","河北","教育部非在京直属/地方高校","null","null","null"
"东盟","23CGJ023","青年项目","国际问题研究","中国与东盟低碳发展科技成果转移转化合作机制创新研究","2023-09-22","罗薇薇","云南大学","null","null","null","null","null","null"
"东盟","23CGJ018","青年项目","国际问题研究","中国—东盟外贸产业价值链重构及韧性提升策略研究","2023-09-22","陈辰","福州外语外贸学院","null","null","null","null","null","null"
"东盟","23BXW049","一般项目","新闻学与传播学","妈祖文化对深化中国—东盟合作的独特价值与传播创新研究","2023-09-22","张宁宁","莆田学院","null","null","null","null","null","null"
"东盟","23BGJ053","一般项目","国际问题研究","东盟国家海洋安全认知与政策选择及中国的对策研究","2023-09-22","许可","厦门大学","null","null","null","null","null","null"
"东盟","23BGJ040","一般项目","国际问题研究","中国对东盟绿色能源投资的邻避风险和应对策略研究","2023-09-22","熊彬","昆明理工大学","null","null","null","null","null","null"
"东盟","23BGJ027","一般项目","国际问题研究","产业链转移对中国—东盟区域价值链重构的影响及对策研究","2023-09-22","于李娜","中国海洋大学","null","null","null","null","null","null"
"东盟","23BJY017","一般项目","应用经济学","中国—东盟海洋经济合作多维壁垒解构及突破策略研究","2023-09-22","张建中","广西财经学院","null","null","null","null","null","null"
"东盟","21CGJ034","青年项目","国际问题研究","中国—东盟产业链合作的政治经济风险与化解路径研究","2021-09-24","张淼","厦门大学","null","福建","null","null","null","null"
"东盟","21CGJ031","青年项目","国际问题研究","中美博弈新形势下的东盟“中心地位”研究","2021-09-24","董贺","暨南大学","null","广东","null","null","null","null"
"东盟","21BXW099","一般项目","新闻学与传播学","中国—东盟陆地边境地区少数民族网络社群生态与中华民族共同体认同研究","2021-09-24","黄鸿业","百色学院","null","广西","null","null","null","null"
"东盟","21BGJ031","一般项目","国际问题研究","中国与东盟国家的民间组织合作参与共建“一带一路”研究","2021-09-24","王虎","厦门大学","null","福建","null","null","null","null"
"东盟","21BGJ019","一般项目","国际问题研究","基于发展-安全良性互动的中国-东盟非传统安全治理模式优化研究","2021-09-24","金新","西安交通大学","null","陕西","null","null","null","null"
"东盟","21BMZ100","一般项目","民族学","“一带一路”视域下中国东盟边境少数民族非物质文化遗产数据库建设研究","2021-09-24","彭莉","云南师范大学","null","云南","null","null","null","null"
"东盟","21BJY057","一般项目","应用经济","中国西南地区与东盟国家跨境供应链金融协同发展机制与路径研究","2021-09-24","李娟","广西财经学院","null","广西","null","null","null","null"
"东盟","21AJY004","重点项目","应用经济","RCEP框架下中国—东盟跨境产业链合作的共生效应及提升策略研究","2021-09-24","唐红祥","广西财经学院","null","广西","null","null","null","null"
"东盟","20FYYB035","后期资助项目","语言学","东盟国家语言教育政策国别研究","2020-10-14","刘泽海","吉首大学","null","湖南省","null","null","null","null"
"东盟","20&ZD146","重大项目","null","印太战略下“东盟中心地位”重构与中国—东盟共建“海上丝绸之路”研究","2020-12-04","罗圣荣","云南大学","null","云南","null","null","null","null"
"东盟","20&ZD145","重大项目","null","印太战略下“东盟中心地位”重构与中国—东盟共建“海上丝绸之路”研究","2020-12-04","翟崑","北京大学","null","教育部","null","null","null","null"
"东盟","20XXW007","西部项目","新闻学与传播学","一带一路背景下提升西南边疆主流媒体面向东盟的国际传播能力研究","2020-09-27","庄严","中共广西壮族自治区委员会党校","null","广西","null","null","null","null"
"东盟","20XXW005","西部项目","新闻学与传播学","“一带一路”背景下我国在东盟投资企业邻避风险的传播策略研究","2020-09-27","覃哲","广西大学","null","广西","null","null","null","null"
"东盟","20XJY020","西部项目","应用经济","数字经济挑战下中国与东盟国家税收征管合作机制的重构研究","2020-09-27","蒋励佳","广西财经学院","null","广西","null","null","null","null"
"东盟","20XGJ013","西部项目","国际问题研究","东盟国家对中美战略竞争的认知与政策选择研究","2020-09-27","顾强","广西大学","null","广西","null","null","null","null"
"东盟","20CXW012","青年项目","新闻学与传播学","东盟涉华舆情中的意见领袖研究","2020-09-27","李凯","广西大学","null","广西","null","null","null","null"
"东盟","20CSH001","青年项目","社会学","“一带一路”沿线东盟国家的社会治理模式比较研究","2020-09-27","黎相宜","中山大学","null","广东","null","null","null","null"
"东盟","20CGJ029","青年项目","国际问题研究","“印太战略”背景下“东盟中心地位”重构研究","2020-09-27","刘艳峰","中共江苏省委党校","null","江苏","null","null","null","null"
"东盟","20BXW057","一般项目","新闻学与传播学","基于语料库的东盟国家媒体“人类命运共同体”理念传播研究","2020-09-27","自正权","广西财经学院","null","广西","null","null","null","null"
"东盟","20BXW005","一般项目","新闻学与传播学","“建设性冲突”视域下东盟国家媒介话语中的中国文化想象研究","2020-09-27","吴明华","重庆大学","null","重庆","null","null","null","null"
"东盟","20BTY116","一般项目","体育学","中华民族传统体育在东盟的变迁与文化认同研究","2020-09-27","尹继林","北部湾大学","null","广西","null","null","null","null"
"东盟","20BJY244","一般项目","应用经济","人民币在东盟地区金融交易功能的影响因素及提升路径研究","2020-09-27","李小好","广西财经学院","null","广西","null","null","null","null"
"东盟","20BJL065","一般项目","理论经济学","海南自由贸易港建设对我国—东盟国家的贸易影响效应及其产业联动发展策略研究","2020-09-27","郝大江","海南师范大学","null","海南","教育部非在京直属/地方高校","海南自由贸易港建设对我国-东盟国家的贸易影响效应及其产业联动发展策略研究","研究报告","合格"
"东盟","20XXW007","西部项目","新闻学与传播学","“一带一路”背景下提升西南边疆主流媒体面向东盟的国际传播能力研究","null","庄严","中共广西壮族自治区委员会党校","null","广西","null","null","专著","null"
"东盟","20XXW005","西部项目","新闻学与传播学","“一带一路”背景下我国在东盟投资企业邻避风险的传播策略研究","null","覃哲","广西大学","null","广西","null","null","研究报告","null"
"东盟","20XGJ013","西部项目","国际问题研究","东盟国家对中美战略竞争的认知与政策选择研究","null","顾强","广西大学","null","广西","null","null","专著","null"
"东盟","20XJY020","西部项目","应用经济","数字经济挑战下中国与东盟国家税收征管合作机制的重构研究","null","蒋励佳","广西财经学院","null","广西","null","null","研究报告","null"
"东盟","14BFX137","一般项目","法学","打造升级版背景下中国—东盟自由贸易区物流合作发展法律保障研究","2014-06-11","曹平","广西壮族自治区社会科学界联合会","null","广西","其他","打造升级版背景下中国—东盟自贸区物流合作发展法律保障研究","研究报告","合格"
"东盟","15XYY008","西部项目","语言学","中国和东盟国家的国家语言能力对比研究","2015-06-16","王晋军","云南大学","null","云南","教育部非在京直属/地方高校","中国和东盟国家的国家语言能力对比研究","专著","合格"
"东盟","14BGJ047","一般项目","国际问题研究","中国—东盟自由贸易区的和平效应研究","2014-06-11","程永林","广东外语外贸大学","null","广东","教育部非在京直属/地方高校","国际贸易和平效应与21世纪海上丝绸之路问题系列研究论文","论文集","合格"
"东盟","14XGJ004","西部项目","国际问题研究","中国-东盟海上互联互通机制研究","2014-06-13","傅远佳","北部湾大学","null","广西","教育部非在京直属/地方高校","中国-东盟海上互联互通机制研究","专著","合格"
"东盟","14BGJ054","一般项目","国际问题研究","中国与东盟国家的交通和能源互联互通建设研究","2014-06-11","刘建文","广西壮族自治区社会科学院","null","广西","地方社会科学院","中国与东盟的交通和能源互联互通建设研究","专著","合格"
"东盟","15BXW075","null","null","“丝路精神”下中国国家形象在东盟国家的传播策略研究","null","罗幸","广西艺术学院","null","广西壮族自治区","教育部非在京直属/地方高校","“丝路精神”下中国国家形象在东盟的传播策略研究","研究报告,其他","无（免于鉴定）"
"东盟","14CGJ010","青年项目","国际问题研究","东盟国家对南海问题的主体间认知差异及政策反应研究","2014-06-11","顾强","广西大学","null","广西","教育部非在京直属/地方高校","东盟国家对南海问题的主体间认知差异及其政策反应研究","专著","合格"
"东盟","16CTY022","青年项目","体育学","中华民族传统体育的东盟推广与文化适应研究","2016-06-16","尹继林","北部湾大学","null","广西","教育部非在京直属/地方高校","（研究报告）《中华民族传统体育的东盟推广与文化适应研究》","研究报告","合格"
"东盟","16BFX207","null","null","国际法视角下中国与东盟国家磋商制定“南海行为准则”问题研究","null","王勇","华东政法大学","null","上海市","教育部非在京直属/地方高校","国际法视角下中国与东盟国家磋商制定《南海行为准则》问题研究","专著","良好"
"东盟","19BGL244","一般项目","管理学","中国—东盟应急物流走廊构建及跨境协同机制研究","2019-07-15","张立","重庆工商大学","null","重庆","高等院校、其他学校","null","null","null"
"东盟","19XGJ007","西部项目","国际问题研究","构建面向东盟的“一带一路”人文交流区域中心研究","2019-07-15","何颖","中共广西壮族自治区委员会党校","null","广西","各级党校","null","null","null"
"东盟","19BXW076","一般项目","新闻学与传播学","“一带一路”背景下中国在东盟地区主流媒体中的国家形象研究","2019-07-15","李凤萍","云南大学","211高校","云南","高等院校、其他学校","null","null","null"
"东盟","19CGJ009","青年项目","区域国别学和国际问题研究","大国战略竞争下东盟地区安全治理机制变迁及中国对策研究","2019-07-15","颜欣","武汉工程大学","null","湖北","教育部非在京直属/地方高校","大国战略竞争下东盟地区安全治理机制变迁及中国对策研究","专著","合格"
"东盟","19CGJ010","青年项目","国际问题研究","东盟相关国家媒体在南海问题报道中对中国国家形象的建构研究","2019-07-15","马雪","三亚学院","null","海南","高等院校、其他学校","null","null","null"
"东盟","19XYY003","西部项目","语言学","中国- 东盟语境下西南跨境民族外语基础教育多语种生态研究","2019-07-15","邓东元","昆明理工大学","null","云南","高等院校、其他学校","null","null","null"
"东盟","19BGJ004","一般项目","区域国别学和国际问题研究","海洋命运共同体视域下的中国-东盟海洋合作研究","2019-07-15","邵建平","红河学院","null","云南","教育部非在京直属/地方高校","海洋命运共同体视域下的中国—东盟海洋合作研究","研究报告","合格"
"东盟","19XGJ009","西部项目","国际问题研究","中国-东盟东部增长区升级合作的动力机制与对策研究","2019-07-15","刘锋","海南师范大学","null","海南","高等院校、其他学校","null","null","null"
"东盟","19XGJ005","西部项目","区域国别学和国际问题研究","“一带一路”背景下中国对东盟国家的教育外交战略研究","2019-07-15","方宝","广西中医药大学","null","广西","教育部非在京直属/地方高校","1.“一带一路”背景下中国对东盟国家的教育外交战略研究报告； 2.学生跨境流动模式的教育外交研究论文集","论文集,研究报告","合格"
"东盟","19CYY012","青年项目","语言学","外宣翻译叙事化助建中国在东盟形象研究","2019-07-15","阳琼","广西民族师范学院","null","广西","高等院校、其他学校","null","null","null"
"东盟","19BFX088","一般项目","法学","中国—东盟跨境电信网络诈骗犯罪案件的刑事司法协助问题研究","2019-07-15","伍光红","广西民族大学","null","广西","高等院校、其他学校","null","null","null"
"东盟","19XJL007","西部项目","理论经济学","“一带一路”背景下中国对东盟直接投资的溢出效应及效率提升研究","2019-07-15","黄立群","广西大学","211高校","广西","教育部非在京直属/地方高校","“一带一路”背景下中国对东盟直接投资的溢出效应及效率提升研究","专著","合格"
"东盟","19BXW075","一般项目","新闻学与传播学","“一带一路”背景下东盟国家华侨华人谱牒跨文化传播研究","2019-07-15","邢永川","广西大学","211高校","广西","高等院校、其他学校","null","null","null"
"东盟","19BJY185","一般项目","应用经济","中国对东盟投资的质量评价与安全维护研究","2019-07-15","宋泽楠","广西财经学院","null","广西","高等院校、其他学校","null","null","null"
"东盟","19BXW078","一般项目","新闻学与传播学","东盟各国传播“一带一路”差异化研究及启示研究","2019-07-15","许燕","复旦大学","985高校、211高校","上海","高等院校、其他学校","null","null","null"
"东盟","16BFX207","null","null","国际法视角下中国与东盟国家磋商制定“南海行为准则”问题研究","null","王勇","华东政法大学","null","上海市","教育部非在京直属/地方高校","国际法视角下中国与东盟国家磋商制定《南海行为准则》问题研究","研究报告","良好"
"东盟","15XGJ005","null","null","“一带一路”背景下中国对东盟投资的发展战略与风险防范研究","null","宋泽楠","广西财经学院","null","广西壮族自治区","教育部非在京直属/地方高校","1.“一带一路”背景下中国对东盟投资的发展战略及风险防范研究","研究报告","合格"
"东盟","13BFX150","null","null","中国与东盟国家刑事司法协助路径探究","null","贾凌","昆明理工大学","null","云南省","教育部非在京直属/地方高校","1.中国与东盟国家刑事司法协助路径探究","研究报告","合格"
"东盟","12XGJ003","null","null","中国与东盟国家财政政策协调研究","null","赵仁平","云南财经大学","null","云南省","教育部非在京直属/地方高校","1.中国与东盟国家财政政策协调研究","专著","良好"
"东盟","12BZX098","null","null","中国—东盟博览会的文化影响力研究","null","李红波","广西大学","null","广西壮族自治区","教育部非在京直属/地方高校","1.中国-东盟博览会的文化影响力研究","研究报告","合格"
"东盟","12BXW032","null","null","中国——东盟传媒合作的现状、问题与对策研究","null","李庆林","广西大学","null","广西壮族自治区","教育部非在京直属/地方高校","1.中国-东盟传媒合作的现状、问题与对策研究","研究报告","合格"
"东盟","16BGJ049","null","null","东盟非南海主权声索国对南海争端的态度、反应及我国的对策研究","null","邵建平","红河学院","null","云南省","高等院校、其他学校","1.东盟非南海主权声索国对南海争端的态度、反应及我国的对策研究","研究报告","良好"
"东盟","13BGJ023","null","null","中国东盟关系数据库研究及建设","null","林梅","厦门大学","null","福建省","高等院校、其他学校","1.中国东盟关系数据库","电脑软件","合格"
"东盟","18CGJ020","青年项目","区域国别学和国际问题研究","东盟认同建构对我国新时代外交的影响及其对策研究","2018-06-21","刘军","贵州师范大学","null","贵州","教育部非在京直属/地方高校","东盟认同建构对我国新时代外交的影响及其对策研究","专著","合格"
"东盟","18XTQ002","西部项目","图书馆·情报与文献学","“一带一路”中国—东盟传统医药文献资源战略保障体系研究","2018-06-21","黄刚","广西中医药大学","null","广西","教育部非在京直属/地方高校","1.中国—东盟传统医药文献信息资源战略保障体系研究； 2.中国—东盟传统医药文献信息资源战略保障体系研究","专著,论文集","合格"
"东盟","18XMZ053","西部项目","民族学","中国－东盟命运共同体视域下中越边境乡村“共建共治共享”治理机制研究","2018-06-21","黄小芬","广西民族师范学院","null","广西","高等院校、其他学校","null","null","null"
"东盟","18XGJ019","西部项目","区域国别学和国际问题研究","“21世纪海上丝绸之路”背景下的中国东盟海洋安全合作策略研究","2018-06-21","张晶","海南大学","211高校","海南","教育部非在京直属/地方高校","“21世纪海上丝绸之路”背景下的中国东盟海洋安全合作策略研究","专著","合格"
"东盟","18BZZ046","一般项目","政治学","中国与东盟反恐合作治理机制研究","2018-06-20","佘硕","华中科技大学","985高校211高校","湖北","教育部非在京直属/地方高校","1.中国与东盟反恐合作治理机制研究系列报告； 2.中国与东盟反恐合作治理机制研究论文集","研究报告","合格"
"东盟","18BXW070","一般项目","新闻学与传播学","战略传播在构建中国—东盟命运共同体中的作用及路径研究","2018-06-21","王辉","广西大学","211高校","广西","教育部非在京直属/地方高校","1.《战略传播在构建中国—东盟命运共同体中的作用及路径研究》结题报告； 2.《战略传播在构建中国—东盟命运共同体中的作用及路径研究》论文集","研究报告,论文集","合格"
"东盟","18BXW026","一般项目","新闻学与传播学","东盟国家对“一带一路”倡议的媒介话语研究","2018-06-20","谢卓华","广西财经学院","null","广西","教育部非在京直属/地方高校","《东盟国家对“一带一路”倡议的媒介话语研究》","研究报告","优秀"
"东盟","18BJY077","一般项目","应用经济学","中国面向东盟海洋经济发展合作战略与风险防范研究","2018-06-21","朱宇兵","广西财经学院","null","广西","教育部非在京直属/地方高校","中国面向东盟海洋经济发展合作战略与风险防范研究","研究报告","合格"
"东盟","18BGJ046","一般项目","国际问题研究","东盟国家边疆冲突管理研究","2018-06-20","曾晓祥","华中师范大学","211高校","湖北","教育部非在京直属/地方高校","边疆与边界——东盟国家冲突管理研究","专著","良好"
"东盟","12BSS034","null","null","冷战视野下的区域发展——印（尼）马对抗与东盟建立（1963—1967）","null","张小欣","暨南大学华侨华人研究院","211","广东","高等院校、其它学校","冷战视野下的区域发展——印（尼）马对抗与东盟建立（1963-1967）","专著","良好"
"东盟","11XGJ011","null","null","东盟主要成员国海洋战略研究","null","雷小华","广西社会科学院","null","广西","省、市社会科学院","东盟主要成员国海洋战略研究","研报","合格"
"东盟","13BJL051","null","null","基于南海战略资源安全的中国与东盟海洋国经贸合作的模式与政策研究","null","陈秀莲","广西财经学院","null","广西","高等院校、其他学校","基于南海战略资源安全的中国与东盟海洋国经贸合作的模式与政策研究","论文集、研报","良好"
"东盟","10CGJ017","null","null","中国-东盟自由贸易区中的产业集聚与区域协调发展研究","null","余振","武汉大学经济与管理学院","985大学、211大学","湖北","高等院校","1.中国—东盟自贸区问题研究系列论文；2.中国—东盟自贸区中的产业集聚与区域协调发展问题研究报告","论文集研报","良好"
"东盟","17AJL012","重点项目","理论经济学","“一带一路”中我国面向东盟的地缘经济开放战略优化研究","2017-07-03","黎鹏","广西大学","211高校","广西","教育部非在京直属/地方高校","“一带一路”中我国面向东盟的地缘经济开放战略优化研究","专著","良好"
"东盟","17BFX149","一般项目","法学","“一带一路”背景下我国与东盟国家间劳动力流动法律制度研究","2017-07-03","李琴","中南林业科技大学","null","湖南","教育部非在京直属/地方高校","“一带一路”背景下中国与东盟国家间劳动力流动法律制度研究","专著","合格"
"东盟","17BGJ024","一般项目","国际问题研究","中国—东盟服务贸易壁垒研究","2017-07-03","王娟","广西大学","211高校","广西","教育部非在京直属/地方高校","中国—东盟国家服务贸易壁垒研究","研究报告","合格"
"东盟","17BGJ031","一般项目","国际问题研究","东盟对南海问题的话语演变及我国的对策研究","2017-07-03","黄里云","广西大学","211高校","广西","教育部非在京直属/地方高校","东盟对南海问题的话语演变及我国的对策研究","研究报告","合格"
"东盟","17BMZ125","一般项目","民族学","中国—东盟命运共同体战略下构建中越跨界民族互利共赢的模式与机制研究","2017-07-03","韦福安","广西民族师范学院","null","广西","教育部非在京直属/地方高校","中国—东盟命运共同体战略下构建中越跨界民族互利共赢的模式与机制研究","研究报告","合格"
"东盟","17XFX008","西部项目","法学","“一带一路”倡议下中国与东盟国家相互投资法律机制研究","2017-06-30","孟雁","中共广西壮族自治区委员会党校","null","广西","地方党校","“一带一路”倡议下中国与东盟 国家互相投资法律机制研究","研究报告","合格"
"东盟","17XGJ002","西部项目","国际问题研究","“海上丝绸之路”背景下中国与东盟蔗糖产业互补性与合作机制构建研究","2017-06-30","秀英","广西师范大学","null","广西","教育部非在京直属/地方高校","《“海上丝绸之路”背景下中国与东盟蔗糖产业互补性与合作机制构建研究》","专著","合格"
"东盟","17XGJ003","西部项目","国际问题研究","中国-东盟合作开发南海区域海洋制度研究","2017-06-30","王玫黎","西南政法大学","null","重庆","教育部非在京直属/地方高校","中国-东盟合作合作开发区域海洋制度研究","研究报告","null"
"东盟","17XYY027","西部项目","语言学","“一带一路”沿线东盟国家语言政策与规划研究","2017-06-30","王烈琴","宝鸡文理学院","null","陕西","教育部非在京直属/地方高校","‘一带一路’沿线东盟国家语言政策及语言规划研究","专著","合格"
"东盟","17CGJ015","青年项目","国际问题研究","“一带一路”背景下推进中国—东盟命运共同体建设研究","2017-07-03","刘盈","红河学院","null","云南","教育部非在京直属/地方高校","“一带一路”背景下推进中国—东盟命运共同体建设研究","研究报告","null"
"东盟","17CTQ045","青年项目","图书馆、情报与文献学","东盟涉华舆情的观点挖掘及信息聚合研究","2017-07-03","王连喜","广东外语外贸大学","null","广东","教育部非在京直属/地方高校","1.东盟涉华舆情的观点挖掘及其信息聚合研究； 2.鹰眼看中国舆情分析系统","论文集","合格"
"东盟","17CXW005","青年项目","新闻学与传播学","“一带一路”背景下中国网络游戏在东盟的跨文化传播研究","2017-07-03","薛强","广西大学","211高校","广西","教育部非在京直属/地方高校","“一带一路”背景下中国网络游戏在东盟的跨文化传播研究（研究报告）","研究报告","合格"
"东盟","12BTY019","一般项目","体育学","中国-东盟民族体育文化差异与融合发展研究	","2012-05-14","李乃琼","钦州学院","null","广西","高等院校、其他学校","中国—东盟民族体育文化差异与融合发展研究","研究报告","良好"
"东盟","11BGL098","null","null","中国—东盟自由贸易区与广西多区域合作物流物联网服务体系建设研究","null","林兴志","广西经济管理干部学院","null","广西","高等院校、其他学校","中国—东盟自由贸易区与广西多区域合作物流物联网服务体系建设研究","研究报告","合格"
"东盟","12BTY019","null","null","中国—东盟民族体育文化差异与融合发展研究","null","李乃琼","钦州学院","null","广西","高等院校、其他学院","中国—东盟民族体育文化差异与融合发展研究","研究报告","良好"
"东盟","16CZJ013","青年项目","宗教学","东南亚华人基督教社团的发展转型及对新时期中国—东盟公共外交的影响探究","2016-06-16","张鹏","中央财经大学","非985","教育部","教育部在京直属高校","东南亚华人基督宗教社团与中国-东盟公共外交: 历史演进、系统建构与网络互动","专著","null"
"东盟","16CXW024","青年项目","新闻学与传播学","“一带一路”背景下中国在东盟地区的国家话语权建构和战略传播研究","2016-06-16","罗奕","广西艺术学院","非985","广西","教育部非在京直属/地方高校","一带一路背景下中国在东盟地区国际话语权建构研究报告","研究报告","合格"
"东盟","16CTY022","青年项目","体育学","中华民族传统体育的东盟推广与文化适应研究","2016-06-16","尹继林","北部湾大学","非985","广西","教育部非在京直属/地方高校","（研究报告）《中华民族传统体育的东盟推广与文化适应研究》","研究报告","null"
"东盟","16CMZ039","青年项目","民族学","中国—东盟陆路边境地区构建“口岸文化”研究","2016-06-16","黄健毅","广西民族师范学院","非985","广西","教育部非在京直属/地方高校","中国-东盟陆路边境地区构建“口岸文化”研究论文集","论文集","null"
"东盟","16CKS013","青年项目","马列·科社","当代中国政治话语在东盟国家的传播与认同研究","2016-06-16","钟慧容","广西师范大学","非985","广西","教育部非在京直属/地方高校","当代中国政治话语在东盟国家的传播与认同研究","研究报告","合格"
"东盟","16XGL014","西部项目","管理学","边民互市贸易政策背景下促进中国—东盟跨境电商发展的体制机制研究","2016-06-16","李隽波","桂林理工大学","非985","广西","教育部非在京直属/地方高校","1.专著-边民互市贸易政策背景下促进中国-东盟跨境电商发展的体制机制研究； 2.论文集-边民互市贸易政策背景下促进中国-东盟跨境电商发展的体制机制研究","专著","合格"
"东盟","16BZZ091","一般项目","政治学","中国—东盟气候合作政策研究","2016-06-16","黄栋","华中科技大学","985","湖北","教育部非在京直属/地方高校","1.《中国-东盟气候合作政策研究》； 2.《中国-东盟气候合作政策研究》","研究报告","合格"
"东盟","16BXW061","一般项目","新闻学与传播学","“一带一路”背景下中国对东盟地区的国家形象传播战略研究","2016-06-16","吴献举","广东财经大学","非985","广东","教育部非在京直属/地方高校","“一带一路”背景下中国对东盟地区的国家形象传播战略研究","专著","合格"
"东盟","16BTY106","一般项目","体育学","社会文化共同体背景下东盟龙狮运动融合发展路径研究","2016-06-16","张智","广西师范大学","非985","广西","教育部非在京直属/地方高校","社会文化共同体背景下东盟龙狮运动融合发展路径研究","研究报告","合格"
"东盟","16BTQ023","一般项目","图书馆、情报与文献学","“一带一路”战略的东盟信息资源支撑及开发策略研究","2016-06-16","苏瑞竹","广西民族大学","非985","广西","教育部非在京直属/地方高校","东盟信息资源支撑及开发策略研究","专著","良好"
"东盟","16BKS095","一般项目","马列·科社","提升中国对东盟意识形态影响力研究","2016-06-16","罗家锋","南宁师范大学","非985","广西","教育部非在京直属/地方高校","提升中国对东盟意识形态影响力研究","专著","合格"
"东盟","16BGJ049","一般项目","国际问题研究","东盟非南海主权声索国对南海争端的态度、反应及我国的对策研究","2016-06-30","邵建平","红河学院","非985","云南","高等院校、其他学校","null","null","null"
"东盟","16BFX207","一般项目","法学","国际法视角下中国与东盟国家磋商制定“南海行为准则”问题研究","2016-06-30","王勇","华东政法大学","非985","上海","高等院校、其他学校","null","null","null"
"东盟","16AJY019","重点项目","应用经济","跨太平洋伙伴关系协定对中国—东盟自由贸易区的影响测度及我国应对策略研究","2016-06-16","张建中","广西财经学院","非985","广西","教育部非在京直属/地方高校","TPP演变对中国-东盟自由贸易区的影响测度及我国应对策略研究","专著","null"
"东盟","16AGJ008","重点项目","国际问题研究","中国—美国—东盟三边关系互动视阈下南海问题的疏解路径与管控方略研究","2016-06-16","王传剑","天津师范大学","非985","天津","教育部非在京直属/地方高校","中国—美国—东盟三边关系互动视阈下南海问题的疏解路径与管控方略研究","专著","合格"
"东盟","11XFX023","null","null","中国—东盟能源安全合作法律问题研究","null","谭民","昆明理工大学法学院","null","云南","高等学校、其它学校","中国—东盟能源安全合作法律问题研究","专著","良好"
"东盟","09BGJ016","null","null","中国——东盟货币合作中的人民币区域化研究","null","王智勇","云南财经大学金融学院","null","云南","高等院校","中国——东盟货币合作中的人民币区域化研究","研究报告","合格"
"东盟","12XGJ002","西部项目","国际问题研究","中国-东盟关系中政治与经济互动机制研究","2012-05-25","梁颖","广西大学中国-东盟研究院","211大学","广西","高等院校、其他学校","null","null","null"
"东盟","15XYY008","西部项目","语言学","中国和东盟国家的国家语言能力对比研究","2015-06-16","王晋军","云南大学","211大学","云南","教育部非在京直属/地方高校","中国和东盟国家的国家语言能力对比研究","专著","null"
"东盟","15XXW004","西部项目","新闻学与传播学","中国东盟一体化进程中边境城市品牌传播研究","2015-06-16","李庆春","广西民族师范学院","非211大学、非985大学","广西","教育部非在京直属/地方高校","中国东盟一体化进程中边境城市品牌传播研究","研究报告","null"
"东盟","15XJL012","西部项目","理论经济","“海上丝绸之路”下中国—东盟经济共同体模式、机制及对策研究","2015-06-16","郑铁桥","广西财经学院","非211大学、非985大学","广西","教育部非在京直属/地方高校","“海上丝绸之路”下中国-东盟经济共同体模式、机制及对策研究","专著","null"
"东盟","15XGL012","西部项目","管理学","构建中国-东盟南北丝绸之路旅游带研究","2015-06-16","陈红升","广西壮族自治区社会科学院","null","广西","地方社会科学院","构建中国—东盟南北丝绸之路旅游带研究","研究报告","null"
"东盟","15XGJ005","西部项目","国际问题研究","“一带一路”背景下中国对东盟投资的发展战略与风险防范研究","2015-06-16","宋泽楠","广西财经学院","非211大学、非985大学","广西","高等院校、其他学校","null","null","null"
"东盟","15BXW075","一般项目","新闻学与传播学","“丝路精神”下中国国家形象在东盟国家的传播策略研究","2015-06-16","罗幸","广西艺术学院","非211大学、非985大学","广西","高等院校、其他学校","null","null","null"
"东盟","15BGJ014","一般项目","国际问题研究","21世纪海上丝绸之路建设背景下中国-东盟公共外交视域人文交流研究","2015-06-16","张斌","广西自治区委党校","null","广西","各级党校","null","null","null"
"东盟","15AJY015","重点项目","应用经济","中国—东盟旅游与贸易互动关系研究","2015-06-16","程成","广西大学","211大学","广西","教育部非在京直属/地方高校","中国—东盟旅游与贸易互动关系研究（专著）","专著","null"
"东盟","14XGJ004","西部项目","国际问题研究","中国-东盟海上互联互通机制研究","2014-06-13","傅远佳","北部湾大学","非985非211","广西","教育部非在京直属/地方高校","中国-东盟海上互联互通机制研究","专著","null"
"东盟","14XGJ002","西部项目","国际问题研究","“一带一路”战略下推进中国-东盟互联互通对策研究","2014-06-13","罗圣荣","云南大学","211非985","云南","教育部非在京直属/地方高校","“一带一路”倡议下推进中国—东盟 互联互通对策研究","研究报告","null"
"东盟","14XJL010","西部项目","理论经济","面向中国-东盟市场一体化的沿海高铁经济圈产业融合战略研究","2014-06-15","廖东声","广西民族大学","非985非211","广西","高等院校、其他学校","null","null","null"
"东盟","14BZX090","一般项目","哲学","中国—东盟那文化交往范式研究","2014-06-11","翟鹏玉","广西民族大学","非985非211","广西","教育部非在京直属/地方高校","中国东盟那文化交往范式研究","专著","null"
"东盟","14XJY016","西部项目","应用经济","中国-东盟自由贸易区交通物联网互联互通服务体系建设研究","2014-06-15","潘翔","广西经济管理干部学院","非985非211","广西","高等院校、其他学校","null","null","null"
"东盟","14CGJ010","青年项目","国际问题研究","东盟国家对南海问题的主体间认知差异及政策反应研究","2014-06-11","顾强","广西大学","211非985","广西","教育部非在京直属/地方高校","东盟国家对南海问题的主体间认知差异及其政策反应研究","专著","null"
"东盟","14XGJ005","西部项目","国际问题研究","中国与东盟的互联互通建设研究","2014-06-13","李立民","广西大学","211非985","广西","教育部非在京直属/地方高校"," 中国与东盟的互联互通建设研究报告","研究报告","null"
"东盟","14CJL022","青年项目","理论经济","沿边金融综合改革试验区下构建中国—东盟泛人民币区的理论及策略研究","2014-06-15","李智","广西大学","211非985","广西","高等院校、其他学校","null","null","null"
"东盟","14BKS063","一般项目","马列·科社","中国—东盟自由贸易区背景下增强国家文化软实力的路径研究","2014-06-11","梁儒谦","广西财经学院","非985非211","广西","教育部非在京直属/地方高校","研究报告","研究报告","null"
"东盟","14BGJ047","一般项目","国际问题研究","中国—东盟自由贸易区的和平效应研究","2014-06-11","程永林","广东外语外贸大学","非985非211","广东","教育部非在京直属/地方高校","国际贸易和平效应与21世纪海上丝绸之路问题系列研究论文","论文集","null"
"东盟","14BGJ054","一般项目","国际问题研究","中国与东盟国家的交通和能源互联互通建设研究","2014-06-11","刘建文","广西壮族自治区社会科学院","null","广西","地方社会科学院","中国与东盟的交通和能源互联互通建设研究","专著","null"
"东盟","14BFX137","一般项目","法学","打造升级版背景下中国—东盟自由贸易区物流合作发展法律保障研究","2014-06-11","曹平","广西壮族自治区社会科学界联合会","null","广西","其他","打造升级版背景下中国—东盟自贸区物流合作发展法律保障研究","研究报告","null"
"东盟","13BGJ023","一般项目","国际问题研究","中国东盟关系数据库研究及建设","2013-06-10","林梅","厦门大学","211大学、985大学","福建","高等院校","null","null","null"
"东盟","13XGJ010","西部项目","国际问题研究","广西与东盟邻国同俗文化研究","2013-06-10","陈家友","玉林师范学院","null","广西","高等院校","null","null","null"
"东盟","13BJL051","一般项目","理论经济","基于南海战略资源安全的中国与东盟海洋国经贸合作的模式与政策研究","2013-06-10","陈秀莲","广西财经学院","null","广西","高等院校","null","null","null"
"东盟","13BFX150","一般项目","法学","中国与东盟国家刑事司法协助路径探究","2013-06-10","贾凌","昆明理工大学","null","云南","高等院校","null","null","null"
"东盟","null","青年项目","教育学","中国—东盟高等教育区域性合作研究","2011-07-22","李枭鹰","广西民族大学","null","广西南宁","高等院校","null","null","null"
"东盟","98BGJ007","一般项目","国际问题研究","走向21世纪的东盟及其与中国的关系","1998-05-01","贺圣达","云南省社会科学院东南亚研究所","null","云南","省、市社会科学院","走向21世纪的东盟及其与中国的关系（总报告之一-之七）\n世纪之交的东盟与中国","null","null"
"东盟","97BGJ009","一般项目","国际问题研究","东盟的发展趋势及其对亚太地区的影响","1997-04-15","王士录","云南省社会科学院东南亚研究所","null","云南","省、市社会科学院","东盟的发展趋势及其对亚太地区的影响与我国的对策","null","null"
"东盟","94BGJ001","一般项目","国际问题研究","东盟发展趋势及其在亚太的地位","1994-07-01","陆建人","中国社会科学院亚洲太平洋研究所","null","社科院","中国社会科学院","东盟的今天与明天--东盟的发展趋势及其在亚太的地位","null","null"
"东盟","93CKS008","青年项目","马列·科社","东盟的人权观研究","1993-05-27","罗艳华","北京大学国际关系研究所","985大学、211大学","教育部","高等院校、其他学校","东方人看人权","null","null"
"东盟","93CGJ005","青年项目","国际问题研究","东盟自由贸易区评议及我国的对策","1993-05-27","庄礼伟","暨南大学东南亚研究所","211大学","广东","高等院校、其他学校","东盟自由贸易区评议及我国的对策","null","null"
"东盟","92BZZ009","一般项目","政治学","东盟多国政治制度比较研究","1992-10-25","林伍光","厦门大学南洋研究所","985大学、211大学","福建","高等院校、其他学校","东盟多国政治制度比较研究","null","null"
"东盟","92BZZ008","一般项目","政治学","东盟国家政治发展模式比较研究","1992-10-25","张志荣","中国社会科学院政治学研究所","null","社科院","中国社会科学院","null","null","null"
"东盟","92BXW003","一般项目","新闻学与传播学","东盟国家新闻事业历史和现状","1992-10-25","潘玉鹏","复旦大学新闻学院","985大学、211大学","上海","高等院校、其他学校","东盟国家新闻事业历史和现状","null","null"
"东盟","92BGJ011","一般项目","国际问题研究","东盟华人在亚太经济发展崛起中的作用","1992-10-25","陈觉万","华侨大学","null","福建","高等院校、其他学校","东盟华人在亚太经济发展崛起中的作用","null","null"
"东盟","12XGJ003","西部项目","国际问题研究","中国与东盟国家财政政策协调研究","2012-05-25","赵仁平","云南财经大学财政与经济学院","null","云南","高等院校、其他学校","null","null","null"
"东盟","12XGJ002","西部项目","国际问题研究","中国-东盟关系中政治与经济互动机制研究","2012-05-25","梁颖","广西大学中国-东盟研究院","211大学","广西","高等院校、其他学校","中国——东盟关系中政治与经济互动机制研究","专著","良好"
"东盟","12BZX098","一般项目","哲学","中国-东盟博览会的文化影响力研究	","2012-05-14","李红波","广西大学公共管理学院","211大学","广西","高等院校、其他学校","null","null","null"
"东盟","12BXW032","一般项目","新闻学与传播学","中国-东盟传媒合作的现状、问题与对策研究	","2012-05-14","李庆林","广西大学新闻传播学院","211大学","广西","高等院校、其他学校","null","null","null"
"东盟","12BTY019","一般项目","体育学","中国-东盟民族体育文化差异与融合发展研究	","2012-05-14","李乃琼","钦州学院","null","广西","高等院校、其他学校","null","null","null"
"东盟","12BSS034","一般项目","世界历史","冷战视野下的区域发展--印（尼）马对抗与东盟建立（1963-1967）	","2012-05-14","张小欣","暨南大学华侨华人研究院","211大学","广东","高等院校、其他学校","null","null","null"
"东盟","12BJL058","一般项目","理论经济","中国-东盟跨境贸易人民币结算中的货币竞争问题研究	","2012-05-14","潘永","广西大学商学院","211大学","广西","高等院校、其他学校","null","null","null"
"东盟","12BGL038","一般项目","管理学","中国-东盟自由贸易区环境下会计准则趋同与发展研究	","2012-05-14","刘卫","广西财经学院","null","广西","高等院校、其他学校","中国—东盟自由贸易区环境下会计准则趋同与发展研究","论文研报","合格"
"东盟","11XMZ073","西部项目","民族问题研究","中国-东盟自由贸易区带动下的西部民族地区城镇化布局研究","2011-07-01","曾鹏","桂林理工大学","null","广西","高等院校、其他学校","""中国-东盟自由贸易区带动下的西部民族地区城镇化布局研究——以广西和云南比较为例 中国区域城镇化布局比较研究""","论文集、研究报告","合格"
"东盟","11XGJ011","西部项目","国际问题研究","东盟主要成员国海洋战略研究","2011-07-01","雷小华","广西社会科学院","null","广西","省、市社会科学院","null","null","null"
"东盟","11XFX023","西部项目","法学","中国-东盟能源安全合作法律问题研究","2011-07-01","谭民","昆明理工大学法学院","null","云南","高等院校、其他学校","null","null","null"
"东盟","11BXW030","一般项目","新闻学与传播学","提升中国西南民族地区对东盟的传播能力研究","2011-07-01","徐一林","广西财经学院","null","广西","高等院校、其他学校","提升中国西南民族地区对东盟的传播能力研究","研报","合格"
"东盟","11BGL098","一般项目","管理学","中国-东盟自由贸易区与广西多区域合作物流物联网服务体系建设研究","2011-07-01","林兴志","广西经济管理干部学院","null","广西","高等院校、其他学校","中国—东盟自由贸易区与广西多区域合作物流物联网服务体系建设研究","研究报告","合格"
"东盟","10XJY035","西部项目","应用经济","新形势下中国-东盟区域经济合作研究","2010-07-01","张建中","广西财经学院","null","广西","高等院校、其他学校","null","null","null"
"东盟","10CGJ017","青年项目","国际问题研究","中国-东盟自由贸易区中的产业集聚与区域协调发展研究","2010-06-17","余振","武汉大学经济与管理学院","985大学、211大学","湖北","高等院校、其他学校","null","null","null"
"东盟","10BMZ057","一般项目","民族问题研究","中国-东盟自由贸易区与广西边境贸易发展战略选择研究","2010-06-17","向秋华","广西经济管理干部学院","null","广西","高等院校、其他学校","null","null","null"
"东盟","09BYY016","一般项目","语言学","和平繁荣视野下中国和东盟国家外语政策的对比研究","2009-06-04","王晋军","云南大学外语学院","211大学","云南","高等院校、其他学校","中国和东盟国家外语政策对比研究","专著、论文集","合格"
"东盟","09BGJ016","一般项目","国际问题研究","中国-东盟货币合作中的人民币区域化研究","2009-06-04","王智勇","云南财经大学金融学院","null","云南","高等院校、其他学校","null","null","null"
"东盟","08XGJ002","西部项目","国际问题研究","《东盟宪章》、《东盟经济共同体蓝图》等文件生效后的泛北部湾教育输出","2008-07-04","唐晓萍","广西教育学院","null","广西","高等院校、其他学校","《东盟宪章》、《东盟经济共同体蓝图》等文件生效后的泛北部湾教育输出","论文（集）","良好"
"东盟","08XGJ001","西部项目","国际问题研究","《东盟宪章》、《东盟经济共同体蓝图》等文件生效后的中国—东盟合作关系研究","2008-07-04","范祚军","广西大学商学院","211大学","广西","高等院校、其他学校","《东盟宪章》、《东盟经济共同体蓝图》等文件生效后的中国-东盟合作关系研究","专著","合格"
"东盟","08CMZ013","青年项目","民族问题研究","“中国-东盟自由贸易区”背景下提高西南边疆民族地区开放型经济水平研究","2008-06-04","胡超","广西民族大学","null","广西","高等院校、其他学校","“中国-东盟自由贸易区”背景下提高西南边疆民族地区开放型经济水平研究","研究报告","合格"
"东盟","07CGJ009","青年项目","国际问题研究","中国-东盟自由贸易区对我国区域农业和农村发展的影响--以广西自治区为例","2007-06-04","翟雪玲","农业部农村经济研究中心","null","党校","各级党政机关","中国-东盟自由贸易区发展对广西农业生产及农民收入影响研究--以龙眼、荔枝产业为例","研究报告","合格"
"东盟","07CGJ008","青年项目","国际问题研究","立宪主义与东盟一体化相关性研究","2007-06-04","赵银亮","上海师范大学法政学院","null","上海","高等院校、其他学校","立宪主义与地区一体化研究：东南亚民主转型的政治经济学","专著","合格"
"东盟","07BJY064","一般项目","应用经济","中国（云南）--东盟电力走廊建设和电力产业合作研究","2007-06-04","聂元飞","云南省人民政府发展研究中心","null","云南","各级党政机关","中国（云南）--东盟电力走廊建设和电力产业合作研究","研究报告","良好"
"东盟","07BGJ014","一般项目","国际问题研究","中国-东盟自由贸易区代表性国家税收制度研究","2007-06-04","黄晓虹","广西财经学院","null","广西","高等院校、其他学校","中国-东盟自由贸易区代表性国家税收制度研究","专著","合格"
"东盟","07BGJ013","一般项目","国际问题研究","融入中国--东盟自由贸易区的中越边贸研究","2007-06-04","高歌","广西民族大学","null","广西","高等院校、其他学校","融入中国--东盟自由贸易区的中越边贸研究","研究报告","合格"
"东盟","07BGJ012","一般项目","国际问题研究","长三角都市圈在中国--东盟自由贸易区建设中的地位与作用对策研究","2007-06-04","郭晓合","华东师范大学","985大学、211大学","上海","高等院校、其他学校","长三角都市圈与中国--东盟自由贸易区","专著","合格"
"东盟","05XGJ001","西部项目","国际问题研究","中国-东盟自由贸易区进程与中国方略","2005-07-01","杨克斯","广西大学东南亚研究中心","211大学","广西","高等院校、其他学校","中国-东盟自由贸易区进程与中国方略","专著","合格"
"东盟","05BJL058","一般项目","理论经济","中国-东盟自由贸易区成员国宏观经济政策协调理论研究","2005-05-18","唐文琳","广西大学东南亚研究中心","211大学","广西","高等院校、其他学校","中国-东盟自由贸易区成员国宏观经济政策协调理论研究","研究报告","良好"
"东盟","04XJY043","西部项目","应用经济","构建中国--东盟自由贸易区中“两廊一圈”与广西区域经济发展对策研究","2004-11-22","钟启泉","广西社会科学院","null","广西","省、市社会科学院","构建中国-东盟自由贸易区中“两廊一圈”与广西区域经济发展对策研究","研究报告","良好"
"东盟","04XJY036","西部项目","应用经济","面向中国-东盟自由贸易区的产业供应链构建研究","2004-11-22","李严锋","云南财贸学院商学院","null","云南","高等院校、其他学校","面向中国-东盟自由贸易区的产业供应链构建研究","研究报告","优秀"
"东盟","04BMZ025","一般项目","民族问题研究","中国-东盟自由贸易区与环北部湾地区少数民族经济生产方式转型和社会文化变迁","2004-05-09","廖国一","广西师范大学","null","广西","高等院校、其他学校","环北部湾少数民族经济生产方式转型和社会文化变迁","专著","合格"
"东盟","04BJY066","一般项目","应用经济","中国西南与东盟国家产业内贸易发展研究","2004-05-09","李立民","广西大学商学院","211大学","广西","高等院校、其他学校","中国西南与东盟国家产业内贸易发展研究","专著","合格"
"东盟","04BGJ006","一般项目","国际问题研究","中国-东盟教育合作机制","2004-05-09","唐晓萍","广西教育学院","null","广西","高等院校、其他学校","中国-东盟教育合作机制研究","研究报告","良好"
"东盟","03CGJ002","青年项目","国际问题研究","中国西南地区与东盟区域农业合作研究","2003-08-11","吕玲丽","广西大学商学院","211大学","广西","高等院校、其他学校","中国西南地区与东盟区域农业合作研究","研究报告","良好"
"东盟","03BGJ008","一般项目","国际问题研究","东盟自由贸易区与东亚经济合作研究","2003-08-11","张伯伟","南开大学经济学院国经系","985大学、211大学","天津","高等院校、其他学校","全球视角下的东亚经济合作研究","专著","良好"
"东盟","03BGJ004","一般项目","国际问题研究","东盟的大国平衡战略及其对中国安全环境的影响","2003-08-11","曹云华","暨南大学东南亚所","211大学","广东","高等院校、其他学校","东南亚国家联盟机构运作与对外关系","专著","良好"
"东盟","03BFX052","一般项目","法学","WTO与自由贸易区制度研究--内地与香港特殊经贸关系、中国与东盟自由贸易区问题","2003-08-11","王贵国","湖南师范大学法学院","211大学","湖南","高等院校、其他学校","两岸四地经贸安排研究--凤凰古城研讨会论文集","专著","合格"
"东盟","02BGJ003","一般项目","国际问题研究","建立“中国与东盟自由贸易区”研究","2002-07-01","尤安山","上海社会科学院世界经济研究所","null","上海","省、市社会科学院","中国-东盟自由贸易区建设--理论实践前景","专著","良好"
"东盟","12&ZD041","重大项目","null","未来十年中国—东盟经贸格局演变与我国南海安全战略构建研究","2012-09-01","夏飞","广西财经学院","null","广西","高等院校","null","null","null"
